,film,year,filmID,actor,role,personID,repeat
10,The Adventures of Goopy and Bagha,1969,tt0063023,Abani Chatterjee,Village elder,nm0154106,1
25,Abhijaan,1962,tt0055724,Abani Mukherjee,Lawyer,nm0611505,3
25,The Adventures of Goopy and Bagha,1969,tt0063023,Abani Mukherjee,,nm0611505,3
13,Joi Baba Felunath: The Elephant God,1979,tt0077775,Abani Mukherjee,,nm0611505,3
30,The Adversary,1970,tt0066237,Abdul Majid,,nm5580441,1
12,Heerak Rajar Deshe,1980,tt0080856,Abhijit Chatterjee,,nm0154107,2
9,The World of Apu,1959,tt0052572,Abhijit Chatterjee,Aparna's Brother,nm0154107,2
22,The Holy Man,1965,tt0059417,Aditya Singh,,nm4820261,1
25,The Chess Players,1977,tt0076696,Agha,Chuttan Miyan,nm0013023,1
14,Aparajito,1956,tt0048956,Ajay Mitra,Anil,nm0593940,1
9,Abhijaan,1962,tt0055724,Ajit Banerjee,Banerjee,nm0051830,4
8,The Stranger,1991,tt0101279,Ajit Banerjee,Sital Sarkar,nm0051830,4
3,The Middleman,1975,tt0074710,Ajit Banerjee,,nm0051830,4
0,Branches of the Tree,1990,tt0100587,Ajit Banerjee,Ananda Majumdar,nm0051830,4
13,An Enemy of the People,1989,tt0097409,Ajit Chatterjee,,nm1507675,1
23,The Adversary,1970,tt0066237,Ajit Gangopadhyay,,nm3776744,1
25,The Adversary,1970,tt0066237,Ajit Ghosh,,nm4828558,1
18,The Holy Man,1965,tt0059417,Ajit Gupta,,nm4820297,2
12,Charulata,1964,tt0057935,Ajit Gupta,,nm4820297,2
39,The Middleman,1975,tt0074710,Ajit Mukherjee,,nm5587566,1
5,Heerak Rajar Deshe,1980,tt0080856,Ajoy Banerjee,Comedian,nm0051831,4
3,Company Limited,1971,tt0067729,Ajoy Banerjee,,nm0051831,4
2,The Adventures of Goopy and Bagha,1969,tt0063023,Ajoy Banerjee,Visitor to Halla,nm0051831,4
2,The Golden Fortress,1974,tt0072190,Ajoy Banerjee,Amiyanath Burman,nm0051831,4
7,Kanchenjungha,1962,tt0056134,Alakananda Ray,Monisha,nm0746923,1
2,The World of Apu,1959,tt0052572,Alok Chakravarty,Kajal,nm0149845,1
18,The Zoo,1967,tt0061474,Alok Mitra,,nm5207507,1
29,The Middleman,1975,tt0074710,Alokendu Dey,Fatikchand,nm4825642,1
32,Heerak Rajar Deshe,1980,tt0080856,Alpana Gupta,,nm4522883,1
15,Company Limited,1971,tt0067729,Althia Ensob,,nm5586696,1
18,Company Limited,1971,tt0067729,Amalendu Gupta,,nm5586697,1
4,The Adversary,1970,tt0066237,Amar Bardhan,,nm5581289,1
14,Paras-Pathar,1958,tt0052046,Amar Mullick,Guest at Cocktail Party,nm0612280,1
24,The Chess Players,1977,tt0076696,Amitabh Bachchan,Narration,nm0000821,1
22,The Chess Players,1977,tt0076696,Amjad Khan,Wajid Ali Shah,nm0451166,1
18,The Chess Players,1977,tt0076696,Amrit Bhushan Gujral,,nm1839816,1
8,Deliverance,1981,tt0083018,Anand Chaube,,nm0154254,1
9,Deliverance,1981,tt0083018,Anand Verma,,nm0894337,1
6,The Goddess,1960,tt0053765,Anil Bag,,nm4531497,1
8,The Goddess,1960,tt0053765,Anil Chatterjee,Bhudeb,nm0154110,4
3,Kanchenjungha,1962,tt0056134,Anil Chatterjee,Anil,nm0154110,4
0,Teen Kanya,1961,tt0055508,Anil Chatterjee,Nandal,nm0154110,4
0,The Big City,1963,tt0057277,Anil Chatterjee,Subrata Mazumdar,nm0154110,4
10,Distant Thunder,1973,tt0069737,Anil Ganguly,Nibaran,nm0304356,1
24,The Adversary,1970,tt0066237,Anil Ganguly,,nm5581710,1
14,The Goddess,1960,tt0053765,Anil Mitra,,nm4955878,1
15,Aparajito,1956,tt0048956,Anil Mukherjee,Abinash,nm0611506,1
9,The Adversary,1970,tt0066237,Anindita Chatterjee,,nm5581505,1
10,Heerak Rajar Deshe,1980,tt0080856,Anindya Basu,,nm5588741,1
26,Heerak Rajar Deshe,1980,tt0080856,Anindya Ganguly,,nm5588754,1
22,Company Limited,1971,tt0067729,Anita Mukhopadhyay,,nm4444621,1
44,The Adversary,1970,tt0066237,Anja Savarwal,,nm5581377,1
4,Kanchenjungha,1962,tt0056134,Anubha Gupta,Anima,nm0348465,1
15,The Middleman,1975,tt0074710,Anup Chakraborty,,nm5587652,1
37,Heerak Rajar Deshe,1980,tt0080856,Anup Mukherjee,,nm5588606,1
15,The Big City,1963,tt0057277,Anuradha Guha,,nm3990569,1
7,Pather Panchali,1955,tt0048473,Aparna Devi,Nilmoni's wife,nm0222436,1
52,The Middleman,1975,tt0074710,Aparna Sen,Somnath's ex-girlfriend,nm0031967,4
16,Teen Kanya,1961,tt0055508,Aparna Sen,Mrinmoyee,nm0031967,4
12,Days and Nights in the Forest,1970,tt0065417,Aparna Sen,Hari's former lover,nm0031967,4
3,Pikoor Diary,1981,tt0082906,Aparna Sen,Pikoo's mother,nm0031967,4
2,The Adversary,1970,tt0066237,Arabinda Banerjee,,nm5582332,1
9,The Goddess,1960,tt0053765,Arabinda Kumar Chowdhury,,nm5574621,1
10,The Middleman,1975,tt0074710,Arati Bhattacharya,Mrs. Ganguli,nm0080341,1
18,Abhijaan,1962,tt0055724,Arati Das,,nm1715270,1
1,Pikoor Diary,1981,tt0082906,Arjun Guha-Thakurta,Pikoo,nm0346624,1
5,The Goddess,1960,tt0053765,Arpan Chowdhury,"Khoka, child",nm0159533,1
11,The Big City,1963,tt0057277,Arun Chowdhury,,nm0159534,1
22,The Adversary,1970,tt0066237,Arun Dey,,nm5317227,1
8,Kanchenjungha,1962,tt0056134,Arun Mukherjee,Ashoke,nm0611509,1
29,Abhijaan,1962,tt0055724,Arun Roy,Naskar,nm0746935,2
23,Distant Thunder,1973,tt0069737,Arun Roy,,nm0746935,2
23,Teen Kanya,1961,tt0055508,Arundhati Roy,,nm5574011,1
38,Heerak Rajar Deshe,1980,tt0080856,Arup Mukherjee,,nm5588684,1
15,An Enemy of the People,1989,tt0097409,Arup Pal Chowdhury,,nm5591378,2
14,Ghare-Baire,1984,tt0087328,Arup Pal Chowdhury,,nm5591378,2
33,The Adversary,1970,tt0066237,Arya Mukherjee,,nm5580578,1
1,The Adversary,1970,tt0066237,Asgar Ali,,nm5581814,1
11,The World of Apu,1959,tt0052572,Asha Devi,,nm0222439,1
17,The Chess Players,1977,tt0076696,Ashfaq Mirza,,nm1840026,1
10,An Enemy of the People,1989,tt0097409,Ashok Bera,,nm5591299,1
21,Heerak Rajar Deshe,1980,tt0080856,Ashok Kumar Dey,,nm5588643,1
32,The Adversary,1970,tt0066237,Ashok Mitra,,nm1371495,5
24,Nayak: The Hero,1966,tt0060742,Ashok Mitra,,nm1371495,5
23,The Adventures of Goopy and Bagha,1969,tt0063023,Ashok Mitra,,nm1371495,5
19,The Zoo,1967,tt0061474,Ashok Mitra,,nm1371495,5
18,The Big City,1963,tt0057277,Ashok Mitra,,nm1371495,5
16,The Golden Fortress,1974,tt0072190,Ashok Mukherjee,Journalist,nm0611513,2
13,Branches of the Tree,1990,tt0100587,Ashok Mukherjee,,nm0611513,2
39,The Adversary,1970,tt0066237,B.P. Roy,,nm5583237,1
16,The Adventures of Goopy and Bagha,1969,tt0063023,Balai Das,,nm4878227,1
47,The Middleman,1975,tt0074710,Banibrata Poddar,,nm5587097,1
11,Charulata,1964,tt0057935,Bankim Ghosh,Jagannath,nm0315878,2
11,The Zoo,1967,tt0061474,Bankim Ghosh,Brajadas,nm0315878,2
40,The Middleman,1975,tt0074710,Barin Mukherjee,,nm5587274,1
8,Company Limited,1971,tt0067729,Barry Chakraborty,,nm5586682,1
10,The Chess Players,1977,tt0076696,Barry John,,nm0424134,1
1,Company Limited,1971,tt0067729,Barun Chanda,Shyamalendu Chatterjee,nm0151285,1
20,The Middleman,1975,tt0074710,Basudeb Chatterjee,,nm5587128,1
21,Company Limited,1971,tt0067729,Basudeb Mukherjee,,nm5586668,1
8,Teen Kanya,1961,tt0055508,Batakrishna Nandan,,nm5574056,1
18,The World of Apu,1959,tt0052572,Bechu Singha,,nm0802261,1
21,Teen Kanya,1961,tt0055508,Belarani Devi,,nm0067570,2
12,The World of Apu,1959,tt0052572,Belarani Devi,Apu's Neighbor,nm0067570,2
17,Aparajito,1956,tt0048956,Bhaganu Palwan,Palwan,nm0658890,1
13,Deliverance,1981,tt0083018,Bhaialal Hedao,The Gond,nm2754616,1
21,Abhijaan,1962,tt0055724,Bhanu Ghosh,,nm0315879,1
8,Nayak: The Hero,1966,tt0060742,Bharati Devi,Manorama,nm0080249,2
7,Paras-Pathar,1958,tt0052046,Bharati Devi,Guest at Cocktail Party,nm0080249,2
16,Joi Baba Felunath: The Elephant God,1979,tt0077775,Bhaskar Patra,,nm4814546,1
16,The Adversary,1970,tt0066237,Bhaskar Roy Chowdhury,,nm0080275,1
11,The Adventures of Goopy and Bagha,1969,tt0063023,Bhaswati Chatterjee,,nm4878268,1
41,The Middleman,1975,tt0074710,Bhaya Mukherjee,,nm5587179,1
9,Branches of the Tree,1990,tt0100587,Bhishma Guhathakurta,,nm0346613,2
7,An Enemy of the People,1989,tt0097409,Bhishma Guhathakurta,Ranen Haldar,nm0346613,2
12,Abhijaan,1962,tt0055724,Bhola Bhattacharya,,nm5570306,1
13,The Goddess,1960,tt0053765,Bholanath Koyal,,nm0468698,2
13,Charulata,1964,tt0057935,Bholanath Koyal,Braja,nm0468698,2
12,The Chess Players,1977,tt0076696,Bhudo Advani,Abbajani,nm0012539,1
8,The Big City,1963,tt0057277,Bibhuti Banerjee,,nm4970577,1
21,Ghare-Baire,1984,tt0087328,Bibhuti Nandy,,nm4727279,1
16,The Middleman,1975,tt0074710,Bijon Chakraborty,,nm5587455,1
3,The Stranger,1991,tt0101279,Bikram Bhattacharya,Satyaki Bose,nm4865982,1
17,Heerak Rajar Deshe,1980,tt0080856,Bikramjit Das,,nm5588798,1
6,Heerak Rajar Deshe,1980,tt0080856,Bimal Banerjee,,nm4654435,1
21,The Middleman,1975,tt0074710,Bimal Chatterjee,Adok,nm0154115,4
13,Heerak Rajar Deshe,1980,tt0080856,Bimal Chatterjee,,nm0154115,4
5,The Golden Fortress,1974,tt0072190,Bimal Chatterjee,Advocate,nm0154115,4
5,Joi Baba Felunath: The Elephant God,1979,tt0077775,Bimal Chatterjee,Ambika Nath Ghosal,nm0154115,4
28,The Middleman,1975,tt0074710,Bimal Deb,Jagabandhu,nm1045149,2
20,Heerak Rajar Deshe,1980,tt0080856,Bimal Deb,,nm1045149,2
6,Ghare-Baire,1984,tt0087328,Bimala Chatterjee,Kulada,nm0154116,1
7,The Adventures of Goopy and Bagha,1969,tt0063023,Binoy Bose,Village elder / visitor to Halla,nm0097864,1
18,The Adventures of Goopy and Bagha,1969,tt0063023,Binoy Dutta,,nm4557729,2
8,The Zoo,1967,tt0061474,Binoy Dutta,,nm4557729,2
14,Pather Panchali,1955,tt0048473,Binoy Mukherjee,Baidyanath Majumdar,nm0611518,1
7,The Adversary,1970,tt0066237,Biplab Chakraborty,,nm4894691,1
10,The Adversary,1970,tt0066237,Biplab Chatterjee,,nm0154118,2
6,Joi Baba Felunath: The Elephant God,1979,tt0077775,Biplab Chatterjee,Bikash Singha,nm0154118,2
20,Nayak: The Hero,1966,tt0060742,Biren Das,,nm5564726,1
14,The World of Apu,1959,tt0052572,Biren Ghosh,,nm5576537,1
16,The World of Apu,1959,tt0052572,Biresh Majumdar,,nm5576520,1
30,Abhijaan,1962,tt0055724,Bireshwar Sarkhel,,nm4973262,1
18,Paras-Pathar,1958,tt0052046,Bireswar Sen,Police Officer,nm0784001,3
8,Abhijaan,1962,tt0055724,Bireswar Sen,,nm0784001,3
2,Nayak: The Hero,1966,tt0060742,Bireswar Sen,Mukunda Lahiri,nm0784001,3
26,Distant Thunder,1973,tt0069737,Bishnu Sen,,nm5584977,1
19,The Adversary,1970,tt0066237,Bishnupada Das,,nm5581584,1
16,An Enemy of the People,1989,tt0097409,Bishwanath Dasgupta,,nm5591468,1
3,The Music Room,1958,tt0051792,Bismillah Khan,Musician,nm0451190,1
1,Distant Thunder,1973,tt0069737,Bobita,"Ananga, Gangacharan's wife",nm6150259,1
22,Nayak: The Hero,1966,tt0060742,Bubu Ganguly,,nm4503844,1
11,An Enemy of the People,1989,tt0097409,Buddhadeb Bhattacharya,,nm5591522,1
1,Teen Kanya,1961,tt0055508,Chandana Banerjee,Ratan,nm0051832,1
45,The Adversary,1970,tt0066237,Chandi Sen,,nm5580103,1
8,Paras-Pathar,1958,tt0052046,Chandrabati Devi,Guest at Cocktail Party,nm0222443,1
25,The Golden Fortress,1974,tt0072190,Chandrama Singh,,nm4814648,1
12,Aparajito,1956,tt0048956,Charuprakash Ghosh,Nanda,nm0315882,3
4,Abhijaan,1962,tt0055724,Charuprakash Ghosh,Sukhanram,nm0315882,3
0,The Holy Man,1965,tt0059417,Charuprakash Ghosh,Birinchi Baba,nm0315882,3
6,Paras-Pathar,1958,tt0052046,Chhabi Biswas,Guest at Cocktail Party,nm0084435,4
2,The Goddess,1960,tt0053765,Chhabi Biswas,Kalikinkar Roy,nm0084435,4
0,The Music Room,1958,tt0051792,Chhabi Biswas,Huzur Biswambhar Roy,nm0084435,4
0,Kanchenjungha,1962,tt0056134,Chhabi Biswas,Indranath Choudhuri,nm0084435,4
30,The Adventures of Goopy and Bagha,1969,tt0063023,Chinmoy Roy,Spy of Halla,nm0746961,2
26,The Zoo,1967,tt0061474,Chinmoy Roy,Panugopal,nm0746961,2
3,Distant Thunder,1973,tt0069737,Chitra Banerjee,Moti,nm0051833,1
11,The Adversary,1970,tt0066237,Chittaranjan Chatterjee,,nm5579731,1
2,Pather Panchali,1955,tt0048473,Chunibala Devi,Indir Thakrun,nm0222447,1
17,The Zoo,1967,tt0061474,Colin Mendese,,nm5562452,1
14,Distant Thunder,1973,tt0069737,Dalim Guha,,nm5562483,1
5,The Chess Players,1977,tt0076696,David Abraham,Munshi,nm0008932,1
13,Kanchenjungha,1962,tt0056134,David Royals,,nm5572166,1
7,Heerak Rajar Deshe,1980,tt0080856,Daya Banerjee,,nm5588621,1
6,Aparajito,1956,tt0048956,Debabrata Chakraborty,,nm5581917,1
25,The Zoo,1967,tt0061474,Debashish Pramanik,,nm5562482,1
12,Distant Thunder,1973,tt0069737,Debatosh Ghosh,Adhar,nm0315885,1
17,Abhijaan,1962,tt0055724,Debi Chattopadhyay,,nm5570272,1
24,The Golden Fortress,1974,tt0072190,Debjani Sengupta,,nm4814629,1
12,Ghare-Baire,1984,tt0087328,Debnath Bose,,nm5591332,1
38,The Adversary,1970,tt0066237,Debraj Ray,Tunu,nm0746988,1
5,The Coward,1965,tt0059348,Deochand Lal,,nm5570273,1
24,The Zoo,1967,tt0061474,Devi Neogy,,nm0626099,2
22,Teen Kanya,1961,tt0055508,Devi Neogy,Haripada,nm0626099,2
22,The Golden Fortress,1974,tt0072190,Devi Singh Rathour,,nm4814670,1
40,The Adversary,1970,tt0066237,Dhara Roy,Keya's aunt,nm0746995,1
15,The World of Apu,1959,tt0052572,Dhiren Ghosh,Landlord,nm0315888,1
17,The World of Apu,1959,tt0052572,Dhiresh Majumdar,Shashinarayan,nm0538291,1
5,The Stranger,1991,tt0101279,Dhritiman Chatterjee,Prithwish Sen Gupta,nm0154122,3
1,An Enemy of the People,1989,tt0097409,Dhritiman Chatterjee,Nishith Gupta,nm0154122,3
0,The Adversary,1970,tt0066237,Dhritiman Chatterjee,Siddhartha Chaudhuri,nm0154122,3
12,The Adversary,1970,tt0066237,Dibyendu Chatterjee,,nm4814634,3
11,Days and Nights in the Forest,1970,tt0065417,Dibyendu Chatterjee,,nm4814634,3
6,The Golden Fortress,1974,tt0072190,Dibyendu Chatterjee,,nm4814634,3
11,The Holy Man,1965,tt0059417,Dilip Bose,,nm0097870,2
7,Charulata,1964,tt0057935,Dilip Bose,Shashanka,nm0097870,2
19,Nayak: The Hero,1966,tt0060742,Dilip Bose,,nm4435113,2
8,The Adventures of Goopy and Bagha,1969,tt0063023,Dilip Bose,,nm4435113,2
14,Company Limited,1971,tt0067729,Dipak Dutta,,nm5586675,1
24,The Middleman,1975,tt0074710,Dipak Roy Chowdhury,,nm4892830,1
30,The Middleman,1975,tt0074710,Dipankar Dey,Bhombol,nm0212541,5
13,Company Limited,1971,tt0067729,Dipankar Dey,,nm0212541,5
3,Branches of the Tree,1990,tt0100587,Dipankar Dey,Probir,nm0212541,5
2,An Enemy of the People,1989,tt0097409,Dipankar Dey,Haridas Bagchi,nm0212541,5
1,The Stranger,1991,tt0101279,Dipankar Dey,Sudhindra Bose,nm0212541,5
10,Abhijaan,1962,tt0055724,Durgadas Bannerjee,,nm1274537,2
5,The Adventures of Goopy and Bagha,1969,tt0063023,Durgadas Bannerjee,King of Amloki,nm1274537,2
12,Company Limited,1971,tt0067729,Eric Davis,,nm5586683,1
15,Kanchenjungha,1962,tt0056134,Erick Avari,,nm0042805,1
3,The Chess Players,1977,tt0076696,Farida Jalal,"Nafisa, Mir's wife",nm0416077,1
7,The Chess Players,1977,tt0076696,Farooq Shaikh,Aqueel,nm0787582,1
23,Company Limited,1971,tt0067729,G.V.R. Murthy,,nm5586656,1
31,Abhijaan,1962,tt0055724,Gadadhar Sen,,nm5570299,1
5,The Adversary,1970,tt0066237,Gaja Basu,,nm5192755,1
3,Paras-Pathar,1958,tt0052046,Gangapada Basu,Kachalu,nm0060610,2
2,The Music Room,1958,tt0051792,Gangapada Basu,Mahim Ganguly,nm0060610,2
25,The Middleman,1975,tt0074710,Gaurishankar Chowdhury,,nm5587117,1
17,The Middleman,1975,tt0074710,Gautam Chakraborty,Sukumar,nm1714765,1
9,The Middleman,1975,tt0074710,Gita Basu,,nm5587553,1
18,Teen Kanya,1961,tt0055508,Gita Dey,Nistarini,nm0212542,1
3,Deliverance,1981,tt0083018,Gita Siddharth,The Brahmin's wife,nm0796496,1
27,The Zoo,1967,tt0061474,Gitali Roy,Banalakshmi,nm0747030,4
23,The Big City,1963,tt0057277,Gitali Roy,,nm0747030,4
4,Charulata,1964,tt0057935,Gitali Roy,Mandakini,nm0747030,4
3,The Holy Man,1965,tt0059417,Gitali Roy,Buchki,nm0747030,4
13,Distant Thunder,1973,tt0069737,Gobardhan Ghosh,,nm5585085,1
24,An Enemy of the People,1989,tt0097409,Gobinda Mukherjee,,nm0611526,1
3,Ghare-Baire,1984,tt0087328,Gopa Aich,The sister-in-law,nm0014439,1
22,Heerak Rajar Deshe,1980,tt0080856,Gopal Dey,,nm0223342,3
17,Nayak: The Hero,1966,tt0060742,Gopal Dey,Conductor,nm0223342,3
17,The Adventures of Goopy and Bagha,1969,tt0063023,Gopal Dey,Executioner,nm0223342,3
4,Teen Kanya,1961,tt0055508,Gopal Sen,Bilash,nm5574053,1
6,Charulata,1964,tt0057935,Gopaldas Bhattacharya,,nm5568565,1
14,Teen Kanya,1961,tt0055508,Govinda Chakravarti,Schoolmaster and narrator,nm0149838,5
13,Ghare-Baire,1984,tt0087328,Govinda Chakravarti,,nm0149838,5
11,Heerak Rajar Deshe,1980,tt0080856,Govinda Chakravarti,,nm0149838,5
9,The Adventures of Goopy and Bagha,1969,tt0063023,Govinda Chakravarti,Goopy's father,nm0149838,5
6,Distant Thunder,1973,tt0069737,Govinda Chakravarti,Dinabandhu,nm0149838,5
14,Kanchenjungha,1962,tt0056134,Guinye,,nm5572192,1
5,The World of Apu,1959,tt0052572,Gupi Banerjee,,nm4897797,1
3,Abhijaan,1962,tt0055724,Gyanesh Mukherjee,Joseph,nm0611525,1
6,The Big City,1963,tt0057277,Haradhan Bannerjee,Himangshu Mukherjee,nm0052329,6
4,Company Limited,1971,tt0067729,Haradhan Bannerjee,Talukdar,nm0052329,6
3,The Golden Fortress,1974,tt0072190,Haradhan Bannerjee,Tapesh's father,nm0052329,6
2,The Coward,1965,tt0059348,Haradhan Bannerjee,Bimal Gupta,nm0052329,6
2,Joi Baba Felunath: The Elephant God,1979,tt0077775,Haradhan Bannerjee,Umanath Ghosal,nm0052329,6
1,Branches of the Tree,1990,tt0100587,Haradhan Bannerjee,Probodh,nm0052329,6
9,Ghare-Baire,1984,tt0087328,Haradhan Basu,,nm3517779,1
9,Pather Panchali,1955,tt0048473,Haren Banerjee,"Chinibas, Sweet-seller",nm0051836,1
3,The Big City,1963,tt0057277,Haren Chatterjee,Priyogopal,nm0154127,1
7,Aparajito,1956,tt0048956,Harendrakumar Chakravarti,Doctor,nm0149839,1
9,Teen Kanya,1961,tt0055508,Haricharan Nag,,nm5573968,1
39,Heerak Rajar Deshe,1980,tt0080856,Haridhan Mukherjee,Astrologer,nm0154128,5
26,The Adventures of Goopy and Bagha,1969,tt0063023,Haridhan Mukherjee,Village elder,nm0154128,5
9,The Holy Man,1965,tt0059417,Haridhan Mukherjee,Ganesh,nm0154128,5
6,Kanchenjungha,1962,tt0056134,Haridhan Mukherjee,,nm0154128,5
4,Paras-Pathar,1958,tt0052046,Haridhan Mukherjee,Police Inspector,nm0154128,5
27,Abhijaan,1962,tt0055724,Haridhan Nag,,nm5570266,3
15,Pather Panchali,1955,tt0048473,Haridhan Nag,,nm5570266,3
6,Teen Kanya,1961,tt0055508,Haridhan Nag,,nm5570266,3
16,Pather Panchali,1955,tt0048473,Harimohan Nag,Doctor,nm0619049,1
15,The Adventures of Goopy and Bagha,1969,tt0063023,Harindranath Chattopadhyay,The Magician,nm0154129,3
11,Company Limited,1971,tt0067729,Harindranath Chattopadhyay,Sir Baren Roy,nm0154129,3
10,The Golden Fortress,1974,tt0072190,Harindranath Chattopadhyay,Uncle Sidhu,nm0154129,3
8,Aparajito,1956,tt0048956,Hemanta Chatterjee,Professor,nm0154130,1
14,Nayak: The Hero,1966,tt0060742,Hiralal,Kamal Misra,nm0386229,1
13,The Holy Man,1965,tt0059417,Ila Chatterjee,,nm4452865,1
21,The Adversary,1970,tt0066237,Indira Devi,Sarojini,nm7589831,1
26,Company Limited,1971,tt0067729,Indira Roy,,nm0747048,1
41,The Adversary,1970,tt0066237,Indra Roy,,nm5580588,1
17,The Adversary,1970,tt0066237,Indrani Roy Chowdhury,,nm5580718,1
12,Kanchenjungha,1962,tt0056134,Indrani Singh,Tuklu,nm0802136,1
7,Ghare-Baire,1984,tt0087328,Indrapramit Roy,Amulya,nm0747049,1
11,Joi Baba Felunath: The Elephant God,1979,tt0077775,Indubhushan Gujral,,nm4814565,1
3,The Adventures of Goopy and Bagha,1969,tt0063023,Iva Banerjee,,nm4878254,1
10,The Holy Man,1965,tt0059417,J. Banerjee,,nm4820231,1
12,The Holy Man,1965,tt0059417,Jagat Chakraborty,,nm4820241,1
9,Paras-Pathar,1958,tt0052046,Jahar Ganguli,Guest at Cocktail Party,nm0304349,2
9,The Zoo,1967,tt0061474,Jahar Ganguli,Ramen Mullick,nm0304349,2
31,The Adventures of Goopy and Bagha,1969,tt0063023,Jahar Roy,Prime Minister of Halla,nm0712854,2
5,Paras-Pathar,1958,tt0052046,Jahar Roy,Bhajahari,nm0712854,2
13,Nayak: The Hero,1966,tt0060742,Jamuna Sinha,Sefalika,nm0802361,1
13,The Middleman,1975,tt0074710,Jatish Bhora,,nm5587485,1
2,The Big City,1963,tt0057277,Jaya Bachchan,Bani,nm0080149,1
18,Nayak: The Hero,1966,tt0060742,Jayanta Bhattacharya,,nm1129637,1
26,The Middleman,1975,tt0074710,Jayanta Chowdhury,,nm5587293,1
28,The Adversary,1970,tt0066237,Jayasree Kabir,Keya,nm0747072,1
4,Ghare-Baire,1984,tt0087328,Jennifer Kendal,Miss Gilby,nm0447557,1
4,Joi Baba Felunath: The Elephant God,1979,tt0077775,Jit Bose,Ruksmini Kumar Ghosal,nm4440312,1
8,The World of Apu,1959,tt0052572,Jiten Bhons,,nm5576471,1
15,Nayak: The Hero,1966,tt0060742,Jogesh Chatterjee,"Aghore, elderly journalist",nm0154132,2
10,The World of Apu,1959,tt0052572,Jogesh Chatterjee,,nm0154132,2
33,Company Limited,1971,tt0067729,John Watkin,,nm5586692,1
32,The Adventures of Goopy and Bagha,1969,tt0063023,Joykrishna Sanyal,Court singer at Shundi,nm0764404,1
16,The Big City,1963,tt0057277,Jyoti Kripalani,,nm5566681,1
26,The Adversary,1970,tt0066237,K.K. Iyengar,,nm5580479,1
18,Aparajito,1956,tt0048956,K.S. Pandey,Pandey,nm0659237,1
1,Days and Nights in the Forest,1970,tt0065417,Kaberi Bose,Jaya,nm0097876,1
11,Teen Kanya,1961,tt0055508,Kali Bannerjee,Phanibhushan Saha,nm0052332,3
2,Aparajito,1956,tt0048956,Kali Bannerjee,Kathak,nm0052332,3
1,Paras-Pathar,1958,tt0052046,Kali Bannerjee,Priyotosh Henry Biswas,nm0052332,3
14,Abhijaan,1962,tt0055724,Kali Chakraborty,,nm4693009,1
16,The Goddess,1960,tt0053765,Kali Sarkar,Professor Sarkar,nm0765269,2
10,The Music Room,1958,tt0051792,Kali Sarkar,Roy's Servant,nm0765269,2
21,Aparajito,1956,tt0048956,Kalicharan Roy,"Akhil, press owner",nm0747082,1
1,The Zoo,1967,tt0061474,Kalipada Chakraborty,Rasiklal,nm0149840,1
22,The Middleman,1975,tt0074710,Kalyan Chatterjee,Somnath's friend,nm0159537,2
13,The Adversary,1970,tt0066237,Kalyan Chatterjee,Shiben,nm0159537,2
53,The Middleman,1975,tt0074710,Kalyan Sen,Mr. Bakshi,nm4474657,3
46,The Adversary,1970,tt0066237,Kalyan Sen,,nm4474657,3
27,Company Limited,1971,tt0067729,Kalyan Sen,,nm4474657,3
17,An Enemy of the People,1989,tt0097409,Kamal Deb,,nm3605919,1
12,Paras-Pathar,1958,tt0052046,Kamal Mitra,Guest at Cocktail Party,nm0593951,1
0,Aparajito,1956,tt0048956,Kamala Adhikari,Mokshada,nm0011967,1
40,Heerak Rajar Deshe,1980,tt0080856,Kamu Mukherjee,,nm0611536,8
27,The Adventures of Goopy and Bagha,1969,tt0063023,Kamu Mukherjee,,nm0611536,8
17,The Golden Fortress,1974,tt0072190,Kamu Mukherjee,Mandar Bose,nm0611536,8
14,Charulata,1964,tt0057935,Kamu Mukherjee,,nm0611536,8
14,Joi Baba Felunath: The Elephant God,1979,tt0077775,Kamu Mukherjee,Arjun,nm0611536,8
14,Branches of the Tree,1990,tt0100587,Kamu Mukherjee,,nm0611536,8
13,The Chess Players,1977,tt0076696,Kamu Mukherjee,,nm0611536,8
10,Nayak: The Hero,1966,tt0060742,Kamu Mukherjee,Pritish Sarkar,nm0611536,8
14,The Zoo,1967,tt0061474,Kanika Majumdar,Damayanti,nm0538293,2
12,Teen Kanya,1961,tt0055508,Kanika Majumdar,Manimalika,nm0538293,2
3,Aparajito,1956,tt0048956,Kanu Bannerjee,Harihar Ray,nm0052333,2
0,Pather Panchali,1955,tt0048473,Kanu Bannerjee,Harihar Ray,nm0052333,2
15,Abhijaan,1962,tt0055724,Kartik Chanda,,nm5570286,1
23,The Middleman,1975,tt0074710,Kartik Chatterjee,,nm0154135,3
14,Heerak Rajar Deshe,1980,tt0080856,Kartik Chatterjee,,nm0154135,3
12,The Adventures of Goopy and Bagha,1969,tt0063023,Kartik Chatterjee,Court singer at Shundi / visitor to Halla,nm0154135,3
26,Abhijaan,1962,tt0055724,Kartik Mukhopadhyay,,nm5570269,1
4,Aparajito,1956,tt0048956,Karuna Bannerjee,Sarbojaya Ray,nm0052334,4
3,The Goddess,1960,tt0053765,Karuna Bannerjee,Harasundari,nm0052334,4
1,Pather Panchali,1955,tt0048473,Karuna Bannerjee,Sarbojaya Ray,nm0052334,4
1,Kanchenjungha,1962,tt0056134,Karuna Bannerjee,Labanya Roy Chaudhuri,nm0052334,4
20,The Adversary,1970,tt0066237,Kaushik Deb,,nm5581726,1
11,Deliverance,1981,tt0083018,Keshri Bajgaji,,nm2755998,1
23,Aparajito,1956,tt0048956,Keya Sengupta,,nm5583250,1
46,The Middleman,1975,tt0074710,Khagen Pathak,,nm0665546,3
29,The Adventures of Goopy and Bagha,1969,tt0063023,Khagen Pathak,Village elder,nm0665546,3
3,Teen Kanya,1961,tt0055508,Khagen Pathak,Khagen,nm0665546,3
7,The Goddess,1960,tt0053765,Khagesh Chakravarti,Kaviraj,nm0149841,1
15,The Chess Players,1977,tt0076696,Khairatilal Lahori,,nm1839940,2
10,Days and Nights in the Forest,1970,tt0065417,Khairatilal Lahori,,nm1839940,2
10,Teen Kanya,1961,tt0055508,Khana Roy Chowdhury,,nm5574021,1
15,Heerak Rajar Deshe,1980,tt0080856,Koushik Chatterjee,,nm3611023,1
30,Heerak Rajar Deshe,1980,tt0080856,Koushik Ghosh,,nm5588638,1
4,The Middleman,1975,tt0074710,Krishna Banerjee,,nm5587504,1
6,The Adversary,1970,tt0066237,Krishna Bose,Sutapa,nm0097880,1
13,Abhijaan,1962,tt0055724,Krishnakali Bhattacharya,,nm5024420,1
5,Teen Kanya,1961,tt0055508,Krishnakamal Bhattacharya,,nm5574063,1
45,Heerak Rajar Deshe,1980,tt0080856,Krishnapada Saha,,nm5588750,1
17,Pather Panchali,1955,tt0048473,Kshirod Roy,Priest,nm0747091,1
13,Teen Kanya,1961,tt0055508,Kumar Roy,Madhusudan,nm0747092,1
32,An Enemy of the People,1989,tt0097409,Kumar Saha,,nm5591423,1
23,Heerak Rajar Deshe,1980,tt0080856,Kumardeb Dutta,,nm5588641,1
4,The Golden Fortress,1974,tt0072190,Kushal Chakraborty,Mukul Dhar,nm0149842,1
1,Aparajito,1956,tt0048956,Lalchand Banerjee,Lahiri,nm0051837,1
9,Nayak: The Hero,1966,tt0060742,Lali Chowdhury,Bulbul,nm0159539,1
9,The Chess Players,1977,tt0076696,Leela Mishra,"Hirya, Khurshid's maid",nm0592789,1
19,The Middleman,1975,tt0074710,Lily Chakravarty,Kamala,nm0149846,2
5,Branches of the Tree,1990,tt0100587,Lily Chakravarty,Uma,nm0149846,2
48,The Middleman,1975,tt0074710,M.N. Poddar,,nm5587026,1
21,The Chess Players,1977,tt0076696,Madan Sudan,,nm1840234,1
1,The Big City,1963,tt0057277,Madhabi Mukherjee,Arati Mazumder,nm0611538,3
1,Charulata,1964,tt0057935,Madhabi Mukherjee,Charulata,nm0611538,3
1,The Coward,1965,tt0059348,Madhabi Mukherjee,Karuna Gupta,nm0611538,3
50,The Middleman,1975,tt0074710,Madhu Saha,,nm5587013,1
11,Abhijaan,1962,tt0055724,Mahin Basu,,nm5570216,1
11,Ghare-Baire,1984,tt0087328,Malati Bol,,nm5591352,1
14,The Adversary,1970,tt0066237,Mamata Chatterjee,Sanyal's wife,nm0154137,1
6,Branches of the Tree,1990,tt0100587,Mamata Shankar,Tapati,nm0788164,3
4,An Enemy of the People,1989,tt0097409,Mamata Shankar,Indrani Gupta,nm0788164,3
2,The Stranger,1991,tt0101279,Mamata Shankar,Anila Bose,nm0788164,3
41,Heerak Rajar Deshe,1980,tt0080856,Manas Mukherjee,,nm5588802,1
19,Company Limited,1971,tt0067729,Mani Iyer,,nm5586710,1
55,The Middleman,1975,tt0074710,Mani Srimani,,nm0820248,5
33,The Adventures of Goopy and Bagha,1969,tt0063023,Mani Srimani,Visitor to Halla,nm0820248,5
26,Aparajito,1956,tt0048956,Mani Srimani,Inspector,nm0820248,5
23,The Holy Man,1965,tt0059417,Mani Srimani,,nm0820248,5
19,Paras-Pathar,1958,tt0052046,Mani Srimani,Dr. Nandi,nm0820248,5
9,The Big City,1963,tt0057277,Manisha Chakraborty,,nm5566660,1
25,Company Limited,1971,tt0067729,Manju Puri,,nm5586661,1
15,The Golden Fortress,1974,tt0072190,Manjula Kar,,nm4814690,1
6,An Enemy of the People,1989,tt0097409,Manoj Mitra,,nm0593953,2
5,Ghare-Baire,1984,tt0087328,Manoj Mitra,Headmaster,nm0593953,2
15,Distant Thunder,1973,tt0069737,Manojit Lahiri,,nm5585055,1
33,An Enemy of the People,1989,tt0097409,Masur Sengupta,,nm5591470,1
23,Nayak: The Hero,1966,tt0060742,Md. Mansoor,,nm5564497,1
9,Aparajito,1956,tt0048956,Meenakshi Devi,Pandey's wife,nm0222461,1
20,Teen Kanya,1961,tt0055508,Mihir Chakravarti,Rakhal,nm0149843,2
8,The Adversary,1970,tt0066237,Mihir Chakravarti,,nm0149843,2
35,The Adversary,1970,tt0066237,Mihir Pal,,nm3605715,1
16,Company Limited,1971,tt0067729,Minakshi Ganguly,,nm5586666,1
47,The Adversary,1970,tt0066237,Miss Shefali,Lotika,nm0790750,2
29,Company Limited,1971,tt0067729,Miss Shefali,Cabaret Dancer,nm0790750,2
11,The Goddess,1960,tt0053765,Mohammed Israil,Nibaran,nm0411505,1
2,Deliverance,1981,tt0083018,Mohan Agashe,The Brahmin,nm0012881,1
17,Joi Baba Felunath: The Elephant God,1979,tt0077775,Moloy Roy,'Bishwashree' Gunamoy Bagchi,nm4427660,1
25,An Enemy of the People,1989,tt0097409,Monu Mukherjee,,nm0611540,3
18,Distant Thunder,1973,tt0069737,Monu Mukherjee,,nm0611540,3
15,Joi Baba Felunath: The Elephant God,1979,tt0077775,Monu Mukherjee,Machli Baba,nm0611540,3
27,The Adversary,1970,tt0066237,Mulesh Jain,,nm5582528,1
5,Kanchenjungha,1962,tt0056134,N. Viswanathan,Bannerjee,nm0899801,1
27,The Golden Fortress,1974,tt0072190,N.L. Tak,,nm4814641,1
12,The Goddess,1960,tt0053765,Nagendranath Kabyabyakarantirtha,Priest,nm0434127,1
18,Ghare-Baire,1984,tt0087328,Nandita Ghosh,,nm5591389,1
20,The Holy Man,1965,tt0059417,Nani Sardar,,nm4820271,1
19,Abhijaan,1962,tt0055724,Narayan Das,,nm5024440,1
17,Ghare-Baire,1984,tt0087328,Narayan Dutta,,nm5591526,1
7,Teen Kanya,1961,tt0055508,Narayan Ghosh,,nm5574054,1
10,Deliverance,1981,tt0083018,Narendra Thakak,,nm0856877,1
14,The Golden Fortress,1974,tt0072190,Nemai Ghosh,Photographer,nm2561602,1
11,Pather Panchali,1955,tt0048473,Nibhanani Devi,Dasi Thakurun,nm0222467,1
42,The Adversary,1970,tt0066237,Nihar Roy,,nm5582225,1
11,Kanchenjungha,1962,tt0056134,Nilima Roy Chowdhuri,,nm1413235,1
10,Charulata,1964,tt0057935,Nilotpal Dey,Joydeb,nm0223353,2
7,The Zoo,1967,tt0061474,Nilotpal Dey,Inspector,nm0223353,2
17,The Holy Man,1965,tt0059417,Nirmal Ghosh,,nm0315907,2
4,Nayak: The Hero,1966,tt0060742,Nirmal Ghosh,Jyoti,nm0315907,2
13,Paras-Pathar,1958,tt0052046,Nitish Mukherjee,Guest at Cocktail Party,nm0611541,1
27,Heerak Rajar Deshe,1980,tt0080856,Noni Ganguly,,nm0304363,3
20,Abhijaan,1962,tt0055724,Noni Ganguly,,nm0304363,3
11,Distant Thunder,1973,tt0069737,Noni Ganguly,'Scarface' Jadu,nm0304363,3
13,The Adventures of Goopy and Bagha,1969,tt0063023,Nripati Chatterjee,,nm0154142,3
2,Teen Kanya,1961,tt0055508,Nripati Chatterjee,Bishey,nm0154142,3
2,The Zoo,1967,tt0061474,Nripati Chatterjee,Mushkil Mia,nm0154142,3
0,Deliverance,1981,tt0083018,Om Puri,Dukhi,nm0700875,1
19,The Holy Man,1965,tt0059417,P. Pal,,nm4820266,1
42,The Middleman,1975,tt0074710,P.C. Mukherjee,,nm5586945,1
51,The Middleman,1975,tt0074710,P.L. Sanganaria,,nm5587111,1
45,The Middleman,1975,tt0074710,Padmadevi,Mrs. Biswas,nm0222471,3
15,Paras-Pathar,1958,tt0052046,Padmadevi,Guest at Cocktail Party,nm0222471,3
9,The Music Room,1958,tt0051792,Padmadevi,"Mahamaya, Roy's wife",nm0222471,3
17,Paras-Pathar,1958,tt0052046,Pahadi Sanyal,Guest at Cocktail Party,nm0764406,3
7,Days and Nights in the Forest,1970,tt0065417,Pahadi Sanyal,Sadashiv Tripathi,nm0764406,3
2,Kanchenjungha,1962,tt0056134,Pahadi Sanyal,Jagadish,nm0764406,3
6,The World of Apu,1959,tt0052572,Panchanan Bhattacharya,,nm1434574,2
5,Aparajito,1956,tt0048956,Panchanan Bhattacharya,,nm1434574,2
20,Joi Baba Felunath: The Elephant God,1979,tt0077775,Pannalal Yadav,,nm4814570,1
24,Company Limited,1971,tt0067729,Parameshwar Pandey,,nm5586659,1
37,The Adversary,1970,tt0066237,Parameshwar Raut,,nm5582819,1
1,Joi Baba Felunath: The Elephant God,1979,tt0077775,Parinita Banerjee,,nm4814615,1
4,Distant Thunder,1973,tt0069737,Paritosh Banerjee,,nm5584974,1
2,Company Limited,1971,tt0067729,Paromita Chowdhury,Dolan,nm0159541,1
36,The Middleman,1975,tt0074710,Patrick Jackson,,nm5587419,1
32,Company Limited,1971,tt0067729,Peter Wales,,nm5586690,1
20,An Enemy of the People,1989,tt0097409,Pinaki Ghosh,,nm5591295,1
24,Aparajito,1956,tt0048956,Pinaki Sengupta,Apu,nm0348483,2
11,The Music Room,1958,tt0051792,Pinaki Sengupta,"Khoka, Roy's Son",nm0348483,2
31,The Adversary,1970,tt0066237,Pisu Majumdar,Keya's father,nm0538298,1
28,An Enemy of the People,1989,tt0097409,Prabhat Mukhopadhyay,,nm4749928,1
21,The Holy Man,1965,tt0059417,Prabhat Sarkar,,nm4820275,2
16,Charulata,1964,tt0057935,Prabhat Sarkar,,nm4820275,2
19,An Enemy of the People,1989,tt0097409,Prabir Ganguly,,nm4966762,1
15,Branches of the Tree,1990,tt0100587,Pradip Mukherjee,Reporter,nm0611544,2
0,The Middleman,1975,tt0074710,Pradip Mukherjee,Somnath,nm0611544,2
44,The Middleman,1975,tt0074710,Pradip Neogi,,nm4821964,1
21,The Golden Fortress,1974,tt0072190,Pradip Parekh,,nm4814682,1
16,The Chess Players,1977,tt0076696,Pradip Shankar,,nm1840206,1
31,An Enemy of the People,1989,tt0097409,Pramod Ranjan Prasad,,nm5591490,1
28,The Adventures of Goopy and Bagha,1969,tt0063023,Prasad Mukherjee,King of ghosts / village elder,nm0611546,3
20,The Zoo,1967,tt0061474,Prasad Mukherjee,Nepal Gupta,nm0611546,3
2,The Holy Man,1965,tt0059417,Prasad Mukherjee,Gurupada Mitter,nm0611546,3
5,The Big City,1963,tt0057277,Prasenjit Sarkar,Pintu,nm0765271,1
27,The Middleman,1975,tt0074710,Prashanta Das,,nm5586957,1
20,Company Limited,1971,tt0067729,Prashanta Kumar Mallick,,nm5586717,1
12,The Music Room,1958,tt0051792,Pratap Mukherjee,,nm0611591,1
22,The Adventures of Goopy and Bagha,1969,tt0063023,Preeti Majumdar,,nm0538299,1
5,Nayak: The Hero,1966,tt0060742,Premangshu Bose,Biresh,nm0097891,1
8,Days and Nights in the Forest,1970,tt0065417,Premashish Sen,,nm5377809,1
12,The Big City,1963,tt0057277,Pritish Dey,,nm5566777,1
28,Heerak Rajar Deshe,1980,tt0080856,Promode Ganguly,,nm0304365,4
17,Company Limited,1971,tt0067729,Promode Ganguly,,nm0304365,4
8,Branches of the Tree,1990,tt0100587,Promode Ganguly,,nm0304365,4
7,The Stranger,1991,tt0101279,Promode Ganguly,Tridib Mukherjee,nm0304365,4
14,An Enemy of the People,1989,tt0097409,Purna Chattopadhyay,,nm5591274,1
4,The Goddess,1960,tt0053765,Purnendu Mukherjee,Taraprasad,nm0611547,1
26,An Enemy of the People,1989,tt0097409,Purnendu Mukherjee,,nm4586916,1
34,The Middleman,1975,tt0074710,Rabi Ghosh,Natabar Mittir,nm0315917,7
5,Abhijaan,1962,tt0055724,Rabi Ghosh,Rama,nm0315917,7
5,Days and Nights in the Forest,1970,tt0065417,Rabi Ghosh,Shekhar,nm0315917,7
4,The Stranger,1991,tt0101279,Rabi Ghosh,Ranjan Rakshit,nm0315917,7
2,Heerak Rajar Deshe,1980,tt0080856,Rabi Ghosh,Bagha Bayen,nm0315917,7
1,The Holy Man,1965,tt0059417,Rabi Ghosh,Birinchi Baba's assistant,nm0315917,7
1,The Adventures of Goopy and Bagha,1969,tt0063023,Rabi Ghosh,Bagha,nm0315917,7
23,The Zoo,1967,tt0061474,Radhanath Nayak,,nm5562500,1
1,The Middleman,1975,tt0074710,Rafiq Ahmed,,nm5587456,1
5,Company Limited,1971,tt0067729,Rahul Bhagat,,nm5586688,1
44,Heerak Rajar Deshe,1980,tt0080856,Rahul Roy,,nm5588717,1
17,Branches of the Tree,1990,tt0100587,Rajaram Yagnik,Dr. Sahay,nm0944929,2
9,An Enemy of the People,1989,tt0097409,Rajaram Yagnik,Mr. Bhargav,nm0944929,2
14,The Middleman,1975,tt0074710,Rajen Brijnath,,nm5587104,1
36,The Adversary,1970,tt0066237,Rajesh,,nm2860034,1
29,Heerak Rajar Deshe,1980,tt0080856,Rajib Ganguly,,nm3610142,1
33,Heerak Rajar Deshe,1980,tt0080856,Rajkumar Lahiri,,nm1708115,4
21,The Adventures of Goopy and Bagha,1969,tt0063023,Rajkumar Lahiri,,nm1708115,4
16,Distant Thunder,1973,tt0069737,Rajkumar Lahiri,,nm1708115,4
12,Joi Baba Felunath: The Elephant God,1979,tt0077775,Rajkumar Lahiri,,nm1708115,4
12,Pather Panchali,1955,tt0048473,Rama Gangopadhaya,Ranu Mookerjee,nm0304346,1
25,Aparajito,1956,tt0048956,Ramani Sengupta,Bhabataran,nm0784291,1
22,Ghare-Baire,1984,tt0087328,Rambalak Pandey,,nm5591518,1
30,Company Limited,1971,tt0067729,Rambrij Thakur,,nm5586700,1
6,The Adventures of Goopy and Bagha,1969,tt0063023,Ramen Bhaduri,,nm4878301,1
13,The Zoo,1967,tt0061474,Ramen Gupta,,nm5562507,1
8,Charulata,1964,tt0057935,Ramesh Chandra Chandra,,nm5568698,1
19,The Chess Players,1977,tt0076696,Ramesh Khosla,,nm1810171,1
19,Distant Thunder,1973,tt0069737,Ramesh Mukherjee,Biswas,nm0611551,1
10,Pather Panchali,1955,tt0048473,Rampada Das,,nm5580026,1
15,The Adversary,1970,tt0066237,Ranajit Chatterjee,,nm5582040,1
20,Aparajito,1956,tt0048956,Ranibala,Teliginni,nm0049302,2
2,Paras-Pathar,1958,tt0052046,Ranibala,Giribala Dutta,nm0049302,2
4,Branches of the Tree,1990,tt0100587,Ranjit Mallick,Protap,nm0612334,1
7,Nayak: The Hero,1966,tt0060742,Ranjit Sen,Haren Bose,nm0784029,1
25,Nayak: The Hero,1966,tt0060742,Ranjit Singha,,nm5564721,1
8,Ghare-Baire,1984,tt0087328,Rasik Banerjee,,nm5591368,1
8,Heerak Rajar Deshe,1980,tt0080856,Ratan Banerjee,,nm0051844,2
4,The Adventures of Goopy and Bagha,1969,tt0063023,Ratan Banerjee,Court singer at Shundi,nm0051844,2
18,The Adversary,1970,tt0066237,Ratanlal Chowdhury,,nm5581086,1
22,Abhijaan,1962,tt0055724,Rathin Ghosh,,nm4531527,1
12,Deliverance,1981,tt0083018,Ratna Bhatta,,nm2757760,1
9,Company Limited,1971,tt0067729,Ratna Chatterjee,,nm5586705,1
7,Abhijaan,1962,tt0055724,Reba Devi,Joseph's mother,nm0222480,2
6,Pather Panchali,1955,tt0048473,Reba Devi,Seja Thakrun,nm0222480,2
7,The Golden Fortress,1974,tt0072190,Rekha Chatterjee,Tapesh's mother,nm0154149,1
16,Paras-Pathar,1958,tt0052046,Renuka Roy,Guest at Cocktail Party,nm0747159,2
7,The Holy Man,1965,tt0059417,Renuka Roy,Nani's wife,nm0747159,2
4,Deliverance,1981,tt0083018,Richa Mishra,Dhania,nm0592798,1
23,The Chess Players,1977,tt0076696,Richard Attenborough,General Outram,nm0000277,1
7,Company Limited,1971,tt0067729,Rita Deb Burman,,nm5586699,1
10,Company Limited,1971,tt0067729,Ritun Chatterjee,,nm5586684,1
18,Heerak Rajar Deshe,1980,tt0080856,Robin Kumar Das,,nm5588617,1
34,Heerak Rajar Deshe,1980,tt0080856,Robin Majumdar,Charandas,nm0538307,1
13,Pather Panchali,1955,tt0048473,Roma Ganguli,Roma,nm0304351,1
6,The Music Room,1958,tt0051792,Roshan Kumari,"Krishna Bai, dancer",nm0474935,1
46,Heerak Rajar Deshe,1980,tt0080856,Rudranarayan Saha,,nm5588664,1
3,An Enemy of the People,1989,tt0097409,Ruma Guha Thakurta,Maya Gupta,nm0346614,2
2,Abhijaan,1962,tt0055724,Ruma Guha Thakurta,Neeli,nm0346614,2
5,Pather Panchali,1955,tt0048473,Runki Banerjee,Little Durga,nm0051846,1
15,The Zoo,1967,tt0061474,Rupak Majumdar,,nm1550510,1
2,The Middleman,1975,tt0074710,S. Bagchi,,nm5587322,1
5,The Middleman,1975,tt0074710,Sachin Banerjee,,nm5587249,1
11,The Middleman,1975,tt0074710,Sachin Bhattacharya,,nm5587009,1
5,Distant Thunder,1973,tt0069737,Sachin Chakraborty,,nm4715487,1
16,Heerak Rajar Deshe,1980,tt0080856,Sachin Chatterjee,,nm5588659,1
1,The Chess Players,1977,tt0076696,Saeed Jaffrey,Mir Roshan Ali,nm0006762,1
4,The Music Room,1958,tt0051792,Salamat Ali Khan,Khyal singer,nm0451310,1
5,Deliverance,1981,tt0083018,Salil Dhar Diwan,,nm0228688,1
28,Abhijaan,1962,tt0055724,Samar Nag,,nm4554192,2
9,Days and Nights in the Forest,1970,tt0065417,Samar Nag,,nm4554192,2
9,Heerak Rajar Deshe,1980,tt0080856,Samaresh Banerjee,,nm4462919,2
6,The Middleman,1975,tt0074710,Samaresh Banerjee,,nm4462919,2
16,Branches of the Tree,1990,tt0100587,Samaresh Mukhopadhyay,,nm4890352,1
11,The Chess Players,1977,tt0076696,Samarth Narain,Kallu,nm0621204,1
37,The Middleman,1975,tt0074710,Samir Lahiri,,nm5566545,2
17,The Big City,1963,tt0057277,Samir Lahiri,,nm5566545,2
42,Heerak Rajar Deshe,1980,tt0080856,Samir Mukherjee,,nm4526711,1
34,The Adversary,1970,tt0066237,Samir Nag,,nm5580049,1
49,The Middleman,1975,tt0074710,Samir Roy,,nm5587350,1
18,Joi Baba Felunath: The Elephant God,1979,tt0077775,Samiran Roy,,nm4814535,1
6,Days and Nights in the Forest,1970,tt0065417,Samit Bhanja,Hari,nm0080214,1
19,Heerak Rajar Deshe,1980,tt0080856,Samudra Dasgupta,,nm5588669,1
2,Distant Thunder,1973,tt0069737,Sandhya Roy,Chutki,nm0747178,1
0,The Chess Players,1977,tt0076696,Sanjeev Kumar,Mirza Sajjad Ali,nm0474876,1
1,The Golden Fortress,1974,tt0072190,Santanu Bagchi,Mukul 2,nm0046549,1
16,Abhijaan,1962,tt0055724,Santi Chatterjee,,nm0154155,5
14,The Holy Man,1965,tt0059417,Santi Chatterjee,,nm0154155,5
14,The Adventures of Goopy and Bagha,1969,tt0063023,Santi Chatterjee,Commander of Halla army,nm0154155,5
8,The Golden Fortress,1974,tt0072190,Santi Chatterjee,,nm0154155,5
3,The Coward,1965,tt0059348,Santi Chatterjee,,nm0154155,5
13,Aparajito,1956,tt0048956,Santi Gupta,Ginnima,nm0348496,1
32,The Middleman,1975,tt0074710,Santosh Dutta,Hiralal,nm0244904,8
20,Paras-Pathar,1958,tt0052046,Santosh Dutta,Atanu,nm0244904,8
19,Teen Kanya,1961,tt0055508,Santosh Dutta,Kishori,nm0244904,8
19,The Adventures of Goopy and Bagha,1969,tt0063023,Santosh Dutta,King of Shundi / King of Halla,nm0244904,8
11,The Golden Fortress,1974,tt0072190,Santosh Dutta,Lalmohan Ganguly,nm0244904,8
10,Joi Baba Felunath: The Elephant God,1979,tt0077775,Santosh Dutta,Lalmohan Ganguly,nm0244904,8
6,The Holy Man,1965,tt0059417,Santosh Dutta,Professor Nani,nm0244904,8
4,Heerak Rajar Deshe,1980,tt0080856,Santosh Dutta,King of Shundi / Scientist,nm0244904,8
17,Distant Thunder,1973,tt0069737,Santosh Kumar Mitra,,nm5562456,1
19,Joi Baba Felunath: The Elephant God,1979,tt0077775,Santosh Singha,Shashibabu,nm0802373,1
19,Aparajito,1956,tt0048956,Saraswati Pandey,,nm5581649,1
1,The Music Room,1958,tt0051792,Sardar Akhtar,Singer,nm0015293,1
26,The Golden Fortress,1974,tt0072190,Sardar Jarnel Singh,,nm4814695,1
26,The Chess Players,1977,tt0076696,Saswati Sen,Dancer,nm1842135,1
4,The Holy Man,1965,tt0059417,Satindra Bhattacharya,Satya,nm0080362,1
35,The Middleman,1975,tt0074710,Satish Ghosh,,nm5587224,1
4,The Coward,1965,tt0059348,Satish Haldar,,nm5570307,1
16,Nayak: The Hero,1966,tt0060742,Satya Banerjee (I),Swamiji,nm0051851,2
8,The Holy Man,1965,tt0059417,Satya Banerjee (I),Nitai,nm0051851,2
8,The Middleman,1975,tt0074710,Satya Banerjee,Somnath's Father,nm0051810,3
8,An Enemy of the People,1989,tt0097409,Satya Banerjee,Landlord,nm0051810,3
3,Joi Baba Felunath: The Elephant God,1979,tt0077775,Satya Banerjee,Niranjan,nm0051810,3
13,The World of Apu,1959,tt0052572,Sefalika Devi,Shashinarayan's wife,nm0222490,2
4,The Big City,1963,tt0057277,Sefalika Devi,Sarojini,nm0222490,2
2,The Chess Players,1977,tt0076696,Shabana Azmi,"Khurshid, Mirza's wife",nm0000818,1
20,The Chess Players,1977,tt0076696,Shaik Farid,,nm1839749,1
25,Heerak Rajar Deshe,1980,tt0080856,Shailen Ganguli,,nm0304352,5
20,The Adventures of Goopy and Bagha,1969,tt0063023,Shailen Ganguli,Visitor to Halla,nm0304352,5
16,The Holy Man,1965,tt0059417,Shailen Ganguli,,nm0304352,5
13,The Big City,1963,tt0057277,Shailen Ganguli,,nm0304352,5
10,The Zoo,1967,tt0061474,Shailen Ganguli,,nm0304352,5
23,Abhijaan,1962,tt0055724,Shailen Ghosh,,nm0315921,1
21,The Zoo,1967,tt0061474,Shailen Mukherjee,Ajit,nm0611561,4
20,The Big City,1963,tt0057277,Shailen Mukherjee,,nm0611561,4
18,The Golden Fortress,1974,tt0072190,Shailen Mukherjee,Dr. Hemanga Hajra,nm0611561,4
2,Charulata,1964,tt0057935,Shailen Mukherjee,Bhupati Dutta,nm0611561,4
21,The Big City,1963,tt0057277,Shailesh Mukherjee,,nm4512527,1
31,Heerak Rajar Deshe,1980,tt0080856,Shankar Ghosh,,nm2484258,1
24,Abhijaan,1962,tt0055724,Shankar Lahiri,,nm5570281,1
30,An Enemy of the People,1989,tt0097409,Shankar Patra,,nm5591265,1
10,The Goddess,1960,tt0053765,Shanta Devi,Sarala,nm0222486,1
7,The World of Apu,1959,tt0052572,Shanti Bhattacherjee,Office Associate,nm0080370,1
12,An Enemy of the People,1989,tt0097409,Sharmi Chakraborty,,nm5591478,1
1,The World of Apu,1959,tt0052572,Sharmila Tagore,Aparna,nm0846616,5
1,Nayak: The Hero,1966,tt0060742,Sharmila Tagore,Aditi,nm0846616,5
0,The Goddess,1960,tt0053765,Sharmila Tagore,Doyamoyee,nm0846616,5
0,Days and Nights in the Forest,1970,tt0065417,Sharmila Tagore,Aparna,nm0846616,5
0,Company Limited,1971,tt0067729,Sharmila Tagore,Tutul,nm0846616,5
10,Ghare-Baire,1984,tt0087328,Shashanka Bhattacharya,,nm1406014,1
28,Company Limited,1971,tt0067729,Shefali,,nm8236207,1
14,Deliverance,1981,tt0083018,Shefali Shukla,,nm2754854,1
6,Abhijaan,1962,tt0055724,Shekhar Chatterjee,Rameshwar,nm0154161,2
3,The Zoo,1967,tt0061474,Shekhar Chatterjee,,nm0154161,2
15,Ghare-Baire,1984,tt0087328,Shekhar Das,,nm5591479,1
21,Distant Thunder,1973,tt0069737,Sheli Pal,Mokshada,nm0657182,1
16,Aparajito,1956,tt0048956,Shibnarayan Nag,,nm5581805,1
22,The Big City,1963,tt0057277,Shila Pal,,nm1800973,1
19,The Golden Fortress,1974,tt0072190,Shiuli Mukherjee,Mukul's mother,nm0611564,1
35,Heerak Rajar Deshe,1980,tt0080856,Shoumik Nandy Majumdar,,nm5588773,1
15,The Holy Man,1965,tt0059417,Shrikanto Chattopadhyay,,nm4820235,1
7,Distant Thunder,1973,tt0069737,Shrikumar Dutta,,nm5585108,1
20,Distant Thunder,1973,tt0069737,Shubhra Nath,,nm1917285,1
6,Deliverance,1981,tt0083018,Shyam Sundar Sharma,,nm0788920,1
14,The Big City,1963,tt0057277,Shyamal Ghoshal,,nm0315929,3
12,The Zoo,1967,tt0061474,Shyamal Ghoshal,Dr. Bhujangadhar Das,nm0315929,3
3,Charulata,1964,tt0057935,Shyamal Ghoshal,Umapada,nm0315929,3
9,The Golden Fortress,1974,tt0072190,Siddhartha Chatterjee,Tapesh,nm0154162,2
7,Joi Baba Felunath: The Elephant God,1979,tt0077775,Siddhartha Chatterjee,Tapesh,nm0154162,2
2,Days and Nights in the Forest,1970,tt0065417,Simi Garewal,Duli,nm0307231,1
17,Teen Kanya,1961,tt0055508,Sita Mukherjee,Jogmaya,nm0611566,1
11,Aparajito,1956,tt0048956,Smaran Ghosal,Apu - adolescent,nm0315871,1
1,Deliverance,1981,tt0083018,Smita Patil,Jhuria,nm0665599,1
25,The Big City,1963,tt0057277,Smita Sinha,,nm1400302,1
7,Branches of the Tree,1990,tt0100587,Soham Chakraborty,,nm2597881,1
5,The Holy Man,1965,tt0059417,Somen Bose,Nibaran,nm0097900,2
3,Nayak: The Hero,1966,tt0060742,Somen Bose,Sankar,nm0097900,2
23,An Enemy of the People,1989,tt0097409,Somenath Majumdar,,nm5010491,2
20,Ghare-Baire,1984,tt0087328,Somenath Majumdar,,nm5010491,2
43,Heerak Rajar Deshe,1980,tt0080856,Somenath Mukherjee,,nm4627782,1
57,The Middleman,1975,tt0074710,Sonia Wales,,nm5587447,1
3,The Adversary,1970,tt0066237,Soumitra Bannerjee,,nm1548032,1
15,Teen Kanya,1961,tt0055508,Soumitra Chatterjee,Amulya,nm0154164,14
3,Days and Nights in the Forest,1970,tt0065417,Soumitra Chatterjee,Ashim,nm0154164,14
2,Branches of the Tree,1990,tt0100587,Soumitra Chatterjee,Prasahnto,nm0154164,14
1,The Goddess,1960,tt0053765,Soumitra Chatterjee,Umaprasad,nm0154164,14
1,Abhijaan,1962,tt0055724,Soumitra Chatterjee,Narsingh,nm0154164,14
0,The World of Apu,1959,tt0052572,Soumitra Chatterjee,Apurba Roy,nm0154164,14
0,Charulata,1964,tt0057935,Soumitra Chatterjee,Amal,nm0154164,14
0,The Coward,1965,tt0059348,Soumitra Chatterjee,Amitabha Roy,nm0154164,14
0,Distant Thunder,1973,tt0069737,Soumitra Chatterjee,Gangacharan Chakravarti,nm0154164,14
0,The Golden Fortress,1974,tt0072190,Soumitra Chatterjee,Prodosh Mitra,nm0154164,14
0,Joi Baba Felunath: The Elephant God,1979,tt0077775,Soumitra Chatterjee,Prodosh Mitra,nm0154164,14
0,Heerak Rajar Deshe,1980,tt0080856,Soumitra Chatterjee,Pondit Moshai,nm0154164,14
0,Ghare-Baire,1984,tt0087328,Soumitra Chatterjee,Sandip Mukherjee,nm0154164,14
0,An Enemy of the People,1989,tt0097409,Soumitra Chatterjee,Dr. Ashok Gupta,nm0154164,14
9,The Stranger,1991,tt0101279,Sourav Banerjee,,nm10015897,1
22,An Enemy of the People,1989,tt0097409,Sourin Maity,,nm5591446,1
38,The Middleman,1975,tt0074710,Soven Lahiri,Goenka,nm0481574,4
29,The Adversary,1970,tt0066237,Soven Lahiri,Sanyal,nm0481574,4
11,Branches of the Tree,1990,tt0100587,Soven Lahiri,,nm0481574,4
2,Pikoor Diary,1981,tt0082906,Soven Lahiri,Pikoo's grandfather,nm0481574,4
16,Ghare-Baire,1984,tt0087328,Subal Das,,nm4964369,1
24,Heerak Rajar Deshe,1980,tt0080856,Subal Dutta,,nm4866235,2
8,Distant Thunder,1973,tt0069737,Subal Dutta,,nm4866235,2
8,Joi Baba Felunath: The Elephant God,1979,tt0077775,Subhadra Devi,,nm4814563,1
18,An Enemy of the People,1989,tt0097409,Subhashish Dutta,,nm5591429,1
5,An Enemy of the People,1989,tt0097409,Subhendu Chatterjee,Biresh Guha,nm0154166,3
4,The Zoo,1967,tt0061474,Subhendu Chatterjee,Bijoy,nm0154166,3
4,Days and Nights in the Forest,1970,tt0065417,Subhendu Chatterjee,Sanjoy,nm0154166,3
27,An Enemy of the People,1989,tt0097409,Subhransu Mukherjee,,nm5591388,1
21,Nayak: The Hero,1966,tt0060742,Subinoy Das,,nm5564461,1
4,Pather Panchali,1955,tt0048473,Subir Banerjee,Apu Ray,nm0052343,1
28,The Zoo,1967,tt0061474,Subira Roy,"Mukul, Gupta's daughter",nm0747191,1
10,Aparajito,1956,tt0048956,Subodh Ganguli,Headmaster,nm0304354,2
10,Paras-Pathar,1958,tt0052046,Subodh Ganguli,Guest at Cocktail Party,nm0304354,2
6,The Stranger,1991,tt0101279,Subrata Chatterjee,Chhanda Rakshit,nm0154167,2
5,The Zoo,1967,tt0061474,Subrata Chatterjee,Najar Bibi,nm0154167,2
6,The Zoo,1967,tt0061474,Subrata Chatterjee,,nm8989773,1
33,The Middleman,1975,tt0074710,Subrata Dutta,,nm5587387,1
24,The Big City,1963,tt0057277,Subrata Sensharma,,nm0784478,4
17,Charulata,1964,tt0057935,Subrata Sensharma,Motilal,nm0784478,4
12,Nayak: The Hero,1966,tt0060742,Subrata Sensharma,Ajoy,nm0784478,4
9,Kanchenjungha,1962,tt0056134,Subrata Sensharma,Shankar,nm0784478,4
24,Distant Thunder,1973,tt0069737,Sucheta Roy,,nm5585131,1
22,Distant Thunder,1973,tt0069737,Suchita Ray Chaudhury,Khenti,nm0747193,1
56,The Middleman,1975,tt0074710,Sudeshna,Kauna / Juthika,nm0837185,1
7,The Middleman,1975,tt0074710,Sudip Banerjee,,nm5586978,1
22,Aparajito,1956,tt0048956,Sudipta Roy,Nirupama,nm0747195,1
13,The Golden Fortress,1974,tt0072190,Sujit Ganguly,,nm4814705,1
15,Charulata,1964,tt0057935,Suku Mukherjee,Nishikanta,nm0611569,1
6,Nayak: The Hero,1966,tt0060742,Sumita Sanyal,Promila Chatterjee,nm0764407,1
18,The Middleman,1975,tt0074710,Sumitra Chakraborty,,nm5353457,1
10,Branches of the Tree,1990,tt0100587,Sunil Gupta Kabiraj,,nm3610599,1
29,An Enemy of the People,1989,tt0097409,Sunil Nath,,nm5591406,1
47,Heerak Rajar Deshe,1980,tt0080856,Sunil Sarkar,,nm0765281,4
25,Distant Thunder,1973,tt0069737,Sunil Sarkar,,nm0765281,4
23,The Golden Fortress,1974,tt0072190,Sunil Sarkar,Mukul's father,nm0765281,4
23,Ghare-Baire,1984,tt0087328,Sunil Sarkar,,nm0765281,4
9,Charulata,1964,tt0057935,Sunilkanta Dasgupta,,nm5568640,1
18,Pather Panchali,1955,tt0048473,Suren Roy,,nm5583219,1
16,The Zoo,1967,tt0061474,Sushil Majumdar,Nishanath Sen,nm0538305,1
11,Nayak: The Hero,1966,tt0060742,Susmita Mukherjee,Molly,nm1640133,1
3,The World of Apu,1959,tt0052572,Swapan Mukherjee,Pulu,nm0611575,1
2,Ghare-Baire,1984,tt0087328,Swatilekha Sengupta,Bimala Choudhury,nm0154169,1
10,The Big City,1963,tt0057277,Tapan Chatterjee,,nm0154170,3
3,Heerak Rajar Deshe,1980,tt0080856,Tapan Chatterjee,Goopy Gayen,nm0154170,3
0,The Adventures of Goopy and Bagha,1969,tt0063023,Tapan Chatterjee,Goopy,nm0154170,3
9,Distant Thunder,1973,tt0069737,Tapan Dutta,,nm5215927,1
43,The Adversary,1970,tt0066237,Tapan Roy,,nm4939793,1
54,The Middleman,1975,tt0074710,Tapas Sengupta,,nm5587265,1
19,The Big City,1963,tt0057277,Tarak Mitra,,nm5566568,1
5,Charulata,1964,tt0057935,Tarapada Basu,,nm5568593,1
15,The Goddess,1960,tt0053765,Tarapada Nandy,,nm0620827,2
8,The Music Room,1958,tt0051792,Tarapada Nandy,,nm0620827,2
6,Company Limited,1971,tt0067729,Tarun Bhattacharya,,nm5586658,1
36,Heerak Rajar Deshe,1980,tt0080856,Tarun Mitra,,nm0593973,3
24,The Adventures of Goopy and Bagha,1969,tt0063023,Tarun Mitra,Court singer at Shundi,nm0593973,3
12,Branches of the Tree,1990,tt0100587,Tarun Mitra,,nm0593973,3
21,An Enemy of the People,1989,tt0097409,Tinu Ghosh,,nm4512599,2
19,Ghare-Baire,1984,tt0087328,Tinu Ghosh,,nm4512599,2
8,The Chess Players,1977,tt0076696,Tom Alter,Capt. Weston,nm0022758,1
8,Pather Panchali,1955,tt0048473,Tulsi Chakraborty,"Prasanna, school teacher",nm0149831,2
0,Paras-Pathar,1958,tt0052046,Tulsi Chakraborty,Paresh Chandra Dutta,nm0149831,2
11,Paras-Pathar,1958,tt0052046,Tulsi Lahiri,Guest at Cocktail Party,nm0481576,2
7,The Music Room,1958,tt0051792,Tulsi Lahiri,Manager of Roy's Estate,nm0481576,2
4,The World of Apu,1959,tt0052572,Tushar Bandyopadhyay,,nm5576481,1
22,The Zoo,1967,tt0061474,Tusharkanti Mukherjee,,nm5562474,1
12,The Golden Fortress,1974,tt0072190,Uday Singh Gailol,,nm4814650,1
27,Aparajito,1956,tt0048956,Udayshankar Tiwari,,nm5582083,1
3,Pather Panchali,1955,tt0048473,Uma Das Gupta,Durga,nm0201871,1
12,The Middleman,1975,tt0074710,Umanath Bhattacharya,,nm0080369,1
31,The Middleman,1975,tt0074710,Utpal Dutt,Bishuda,nm0244884,4
9,Joi Baba Felunath: The Elephant God,1979,tt0077775,Utpal Dutt,Maganlal Meghraj,nm0244884,4
1,Heerak Rajar Deshe,1980,tt0080856,Utpal Dutt,Hirak Raja,nm0244884,4
0,The Stranger,1991,tt0101279,Utpal Dutt,Manomohan Mitra,nm0244884,4
0,Nayak: The Hero,1966,tt0060742,Uttam Kumar,Arindam Mukherjee,nm0474907,2
0,The Zoo,1967,tt0061474,Uttam Kumar,Satyanweshi Byomkesh,nm0474907,2
43,The Middleman,1975,tt0074710,Uttamram Nagar,,nm1840054,3
20,The Golden Fortress,1974,tt0072190,Uttamram Nagar,,nm1840054,3
14,The Chess Players,1977,tt0076696,Uttamram Nagar,,nm1840054,3
4,The Chess Players,1977,tt0076696,Veena,Queen Mother,nm0474940,1
7,The Big City,1963,tt0057277,Vicky Redwood,Edith,nm0715200,1
6,The Chess Players,1977,tt0076696,Victor Banerjee,Prime Minister,nm0051856,3
1,Ghare-Baire,1984,tt0087328,Victor Banerjee,Nikhilesh Choudhury,nm0051856,3
0,Pikoor Diary,1981,tt0082906,Victor Banerjee,The lover,nm0051856,3
10,Kanchenjungha,1962,tt0056134,Vidya Sinha,,nm0802378,1
31,Company Limited,1971,tt0067729,Vishnu Vaswani,,nm5586655,1
5,The Music Room,1958,tt0051792,Waheed Khan,Ustad Ujir Khan,nm0451339,1
0,Abhijaan,1962,tt0055724,Waheeda Rehman,Gulabi,nm0716851,1
7,Deliverance,1981,tt0083018,Wahid Shareef,,nm0788734,1
