decade,actor,film,year,name,gender,personID,repeat
1950s,Soumitra Chatterjee,The World of Apu,1959,Apurba Roy,Male,nm0154164,13
1960s,Soumitra Chatterjee,Teen Kanya,1961,Amulya,Male,nm0154164,13
1960s,Soumitra Chatterjee,Abhijaan,1962,Narsingh,Male,nm0154164,13
1960s,Soumitra Chatterjee,Charulata,1964,Amal,Male,nm0154164,13
1960s,Soumitra Chatterjee,The Coward,1965,Amitabha Roy,Male,nm0154164,13
1970s,Soumitra Chatterjee,Days and Nights in the Forest,1970,Ashim,Male,nm0154164,13
1970s,Soumitra Chatterjee,Distant Thunder,1973,Gangacharan Chakravarti,Male,nm0154164,13
1970s,Soumitra Chatterjee,The Golden Fortress,1974,Prodosh Mitra,Male,nm0154164,13
1970s,Soumitra Chatterjee,Joi Baba Felunath: The Elephant God,1979,Prodosh Mitra,Male,nm0154164,13
1980s,Soumitra Chatterjee,Heerak Rajar Deshe,1980,Pondit Moshai,Male,nm0154164,13
1980s,Soumitra Chatterjee,Ghare-Baire,1984,Sandip Mukherjee,Male,nm0154164,13
1980s,Soumitra Chatterjee,An Enemy of the People,1989,Dr. Ashok Gupta,Male,nm0154164,13
1990s,Soumitra Chatterjee,Branches of the Tree,1990,Prasahnto,Male,nm0154164,13
1950s,Santosh Dutta,Paras-Pathar,1958,Atanu,Male,nm0244904,8
1960s,Santosh Dutta,Teen Kanya,1961,Kishori,Male,nm0244904,8
1960s,Santosh Dutta,The Holy Man,1965,Professor Nani,Male,nm0244904,8
1960s,Santosh Dutta,The Adventures of Goopy and Bagha,1969,King of Shundi / King of Halla,Male,nm0244904,8
1970s,Santosh Dutta,The Golden Fortress,1974,Lalmohan Ganguly,Male,nm0244904,8
1970s,Santosh Dutta,The Middleman,1975,Hiralal,Male,nm0244904,8
1970s,Santosh Dutta,Joi Baba Felunath: The Elephant God,1979,Lalmohan Ganguly,Male,nm0244904,8
1980s,Santosh Dutta,Heerak Rajar Deshe,1980,King of Shundi / Scientist,Male,nm0244904,8
1960s,Kamu Mukherjee,Charulata,1964,unnamed,Male,nm0611536,8
1960s,Kamu Mukherjee,Nayak: The Hero,1966,Pritish Sarkar,Male,nm0611536,8
1960s,Kamu Mukherjee,The Adventures of Goopy and Bagha,1969,unnamed,Male,nm0611536,8
1970s,Kamu Mukherjee,The Golden Fortress,1974,Mandar Bose,Male,nm0611536,8
1970s,Kamu Mukherjee,The Chess Players,1977,unnamed,Male,nm0611536,8
1970s,Kamu Mukherjee,Joi Baba Felunath: The Elephant God,1979,Arjun,Male,nm0611536,8
1980s,Kamu Mukherjee,Heerak Rajar Deshe,1980,unnamed,Male,nm0611536,8
1990s,Kamu Mukherjee,Branches of the Tree,1990,unnamed,Male,nm0611536,8
1960s,Rabi Ghosh,Abhijaan,1962,Rama,Male,nm0315917,7
1960s,Rabi Ghosh,The Holy Man,1965,Birinchi Baba's assistant,Male,nm0315917,7
1960s,Rabi Ghosh,The Adventures of Goopy and Bagha,1969,Bagha,Male,nm0315917,7
1970s,Rabi Ghosh,Days and Nights in the Forest,1970,Shekhar,Male,nm0315917,7
1970s,Rabi Ghosh,The Middleman,1975,Natabar Mittir,Male,nm0315917,7
1980s,Rabi Ghosh,Heerak Rajar Deshe,1980,Bagha Bayen,Male,nm0315917,7
1990s,Rabi Ghosh,The Stranger,1991,Ranjan Rakshit,Male,nm0315917,7
1960s,Haradhan Bannerjee,The Big City,1963,Himangshu Mukherjee,Male,nm0052329,5
1960s,Haradhan Bannerjee,The Coward,1965,Bimal Gupta,Male,nm0052329,5
1970s,Haradhan Bannerjee,The Golden Fortress,1974,Tapesh's father,Male,nm0052329,5
1970s,Haradhan Bannerjee,Joi Baba Felunath: The Elephant God,1979,Umanath Ghosal,Male,nm0052329,5
1990s,Haradhan Bannerjee,Branches of the Tree,1990,Probodh,Male,nm0052329,5
1960s,Govinda Chakravarti,Teen Kanya,1961,Schoolmaster and narrator,Male,nm0149838,5
1960s,Govinda Chakravarti,The Adventures of Goopy and Bagha,1969,Goopy's father,Male,nm0149838,5
1970s,Govinda Chakravarti,Distant Thunder,1973,Dinabandhu,Male,nm0149838,5
1980s,Govinda Chakravarti,Heerak Rajar Deshe,1980,unnamed,Male,nm0149838,5
1980s,Govinda Chakravarti,Ghare-Baire,1984,unnamed,Male,nm0149838,5
1950s,Haridhan Mukherjee,Paras-Pathar,1958,Police Inspector,Male,nm0154128,5
1960s,Haridhan Mukherjee,Kanchenjungha,1962,unnamed,Male,nm0154128,5
1960s,Haridhan Mukherjee,The Holy Man,1965,Ganesh,Male,nm0154128,5
1960s,Haridhan Mukherjee,The Adventures of Goopy and Bagha,1969,Village elder,Male,nm0154128,5
1980s,Haridhan Mukherjee,Heerak Rajar Deshe,1980,Astrologer,Male,nm0154128,5
1960s,Harindranath Chattopadhyay,The Adventures of Goopy and Bagha,1969,The Magician,Male,nm0154129,5
1970s,Harindranath Chattopadhyay,The Golden Fortress,1974,Uncle Sidhu,Male,nm0154129,5
1960s,Santi Chatterjee,Abhijaan,1962,unnamed,Male,nm0154155,5
1960s,Santi Chatterjee,The Coward,1965,unnamed,Male,nm0154155,5
1960s,Santi Chatterjee,The Holy Man,1965,unnamed,Male,nm0154155,5
1960s,Santi Chatterjee,The Adventures of Goopy and Bagha,1969,Commander of Halla army,Male,nm0154155,5
1970s,Santi Chatterjee,The Golden Fortress,1974,unnamed,Male,nm0154155,5
1960s,Shailen Ganguli,The Big City,1963,unnamed,Male,nm0304352,5
1960s,Shailen Ganguli,The Holy Man,1965,unnamed,Male,nm0304352,5
1960s,Shailen Ganguli,The Zoo,1967,unnamed,Male,nm0304352,5
1960s,Shailen Ganguli,The Adventures of Goopy and Bagha,1969,Visitor to Halla,Male,nm0304352,5
1980s,Shailen Ganguli,Heerak Rajar Deshe,1980,unnamed,Male,nm0304352,5
1950s,Mani Srimani,Aparajito,1956,Inspector,Male,nm0820248,5
1950s,Mani Srimani,Paras-Pathar,1958,Dr. Nandi,Male,nm0820248,5
1960s,Mani Srimani,The Holy Man,1965,unnamed,Male,nm0820248,5
1960s,Mani Srimani,The Adventures of Goopy and Bagha,1969,Visitor to Halla,Male,nm0820248,5
1970s,Mani Srimani,The Middleman,1975,unnamed,Male,nm0820248,5
1960s,Ashok Mitra,The Big City,1963,unnamed,Male,nm1371495,5
1960s,Ashok Mitra,Nayak: The Hero,1966,unnamed,Male,nm1371495,5
1960s,Ashok Mitra,The Zoo,1967,unnamed,Male,nm1371495,5
1960s,Ashok Mitra,The Adventures of Goopy and Bagha,1969,unnamed,Male,nm1371495,5
1970s,Ashok Mitra,The Adversary,1970,unnamed,Male,nm1371495,5
1960s,Aparna Sen,Teen Kanya,1961,Mrinmoyee,Female,nm0031967,4
1970s,Aparna Sen,Days and Nights in the Forest,1970,Hari's former lover,Female,nm0031967,4
1970s,Aparna Sen,The Middleman,1975,Somnath's ex-girlfriend,Female,nm0031967,4
1980s,Aparna Sen,Pikoor Diary,1981,Pikoo's mother,Female,nm0031967,4
1960s,Ajit Banerjee,Abhijaan,1962,Banerjee,Male,nm0051830,4
1970s,Ajit Banerjee,The Middleman,1975,unnamed,Male,nm0051830,4
1990s,Ajit Banerjee,Branches of the Tree,1990,Ananda Majumdar,Male,nm0051830,4
1990s,Ajit Banerjee,The Stranger,1991,Sital Sarkar,Male,nm0051830,4
1950s,Karuna Bannerjee,Pather Panchali,1955,Sarbojaya Ray,Female,nm0052334,4
1950s,Karuna Bannerjee,Aparajito,1956,Sarbojaya Ray,Female,nm0052334,4
1960s,Karuna Bannerjee,The Goddess,1960,Harasundari,Female,nm0052334,4
1960s,Karuna Bannerjee,Kanchenjungha,1962,Labanya Roy Chaudhuri,Female,nm0052334,4
1950s,Chhabi Biswas,Paras-Pathar,1958,Guest at Cocktail Party,Male,nm0084435,4
1950s,Chhabi Biswas,The Music Room,1958,Huzur Biswambhar Roy,Male,nm0084435,4
1960s,Chhabi Biswas,The Goddess,1960,Kalikinkar Roy,Male,nm0084435,4
1960s,Chhabi Biswas,Kanchenjungha,1962,Indranath Choudhuri,Male,nm0084435,4
1960s,Anil Chatterjee,The Goddess,1960,Bhudeb,Male,nm0154110,4
1960s,Anil Chatterjee,Teen Kanya,1961,Nandal,Male,nm0154110,4
1960s,Anil Chatterjee,Kanchenjungha,1962,Anil,Male,nm0154110,4
1960s,Anil Chatterjee,The Big City,1963,Subrata Mazumdar,Male,nm0154110,4
1970s,Dipankar Dey,The Middleman,1975,Bhombol,Male,nm0212541,4
1980s,Dipankar Dey,An Enemy of the People,1989,Haridas Bagchi,Male,nm0212541,4
1990s,Dipankar Dey,Branches of the Tree,1990,Probir,Male,nm0212541,4
1990s,Dipankar Dey,The Stranger,1991,Sudhindra Bose,Male,nm0212541,4
1970s,Utpal Dutt,The Middleman,1975,Bishuda,Male,nm0244884,4
1970s,Utpal Dutt,Joi Baba Felunath: The Elephant God,1979,Maganlal Meghraj,Male,nm0244884,4
1980s,Utpal Dutt,Heerak Rajar Deshe,1980,Hirak Raja,Male,nm0244884,4
1990s,Utpal Dutt,The Stranger,1991,Manomohan Mitra,Male,nm0244884,4
1970s,Soven Lahiri,The Adversary,1970,Sanyal,Male,nm0481574,4
1970s,Soven Lahiri,The Middleman,1975,Goenka,Male,nm0481574,4
1980s,Soven Lahiri,Pikoor Diary,1981,Pikoo's grandfather,Male,nm0481574,4
1990s,Soven Lahiri,Branches of the Tree,1990,unnamed,Male,nm0481574,4
1960s,Shailen Mukherjee,The Big City,1963,unnamed,Male,nm0611561,4
1960s,Shailen Mukherjee,Charulata,1964,Bhupati Dutta,Male,nm0611561,4
1960s,Shailen Mukherjee,The Zoo,1967,Ajit,Male,nm0611561,4
1970s,Shailen Mukherjee,The Golden Fortress,1974,Dr. Hemanga Hajra,Male,nm0611561,4
1960s,Gitali Roy,The Big City,1963,unnamed,Female,nm0747030,4
1960s,Gitali Roy,Charulata,1964,Mandakini,Female,nm0747030,4
1960s,Gitali Roy,The Holy Man,1965,Buchki,Female,nm0747030,4
1960s,Gitali Roy,The Zoo,1967,Banalakshmi,Female,nm0747030,4
1970s,Sunil Sarkar,Distant Thunder,1973,unnamed,Male,nm0765281,4
1970s,Sunil Sarkar,The Golden Fortress,1974,Mukul's father,Male,nm0765281,4
1980s,Sunil Sarkar,Heerak Rajar Deshe,1980,unnamed,Male,nm0765281,4
1980s,Sunil Sarkar,Ghare-Baire,1984,unnamed,Male,nm0765281,4
1960s,Subrata Sensharma,Kanchenjungha,1962,Shankar,Male,nm0784478,4
1960s,Subrata Sensharma,The Big City,1963,unnamed,Male,nm0784478,4
1960s,Subrata Sensharma,Charulata,1964,Motilal,Male,nm0784478,4
1960s,Subrata Sensharma,Nayak: The Hero,1966,Ajoy,Male,nm0784478,4
1950s,Sharmila Tagore,The World of Apu,1959,Aparna,Female,nm0846616,4
1960s,Sharmila Tagore,The Goddess,1960,Doyamoyee,Female,nm0846616,4
1960s,Sharmila Tagore,Nayak: The Hero,1966,Aditi,Female,nm0846616,4
1970s,Sharmila Tagore,Days and Nights in the Forest,1970,Aparna,Female,nm0846616,4
1960s,Rajkumar Lahiri,The Adventures of Goopy and Bagha,1969,unnamed,Male,nm1708115,4
1970s,Rajkumar Lahiri,Distant Thunder,1973,unnamed,Male,nm1708115,4
1970s,Rajkumar Lahiri,Joi Baba Felunath: The Elephant God,1979,unnamed,Male,nm1708115,4
1980s,Rajkumar Lahiri,Heerak Rajar Deshe,1980,unnamed,Male,nm1708115,4
1970s,Satya Bannerjee (II),The Middleman,1975,Somnath's Father,Male,nm0051810,3
1970s,Satya Bannerjee (I),Joi Baba Felunath: The Elephant God,1979,Niranjan,Male,nm0051810,3
1980s,Satya Bannerjee (II),An Enemy of the People,1989,Landlord,Male,nm0051810,3
1960s,Ajoy Banerjee,The Adventures of Goopy and Bagha,1969,Visitor to Halla,Male,nm0051831,3
1970s,Ajoy Banerjee,The Golden Fortress,1974,Amiyanath Burman,Male,nm0051831,3
1980s,Ajoy Banerjee,Heerak Rajar Deshe,1980,Comedian,Male,nm0051831,3
1970s,Victor Banerjee,The Chess Players,1977,Prime Minister,Male,nm0051856,3
1980s,Victor Banerjee,Pikoor Diary,1981,The lover,Male,nm0051856,3
1980s,Victor Banerjee,Ghare-Baire,1984,Nikhilesh Choudhury,Male,nm0051856,3
1950s,Kali Bannerjee,Aparajito,1956,Kathak,Male,nm0052332,3
1950s,Kali Bannerjee,Paras-Pathar,1958,Priyotosh Henry Biswas,Male,nm0052332,3
1960s,Kali Bannerjee,Teen Kanya,1961,Phanibhushan Saha,Male,nm0052332,3
1970s,Bimal Chatterjee,The Golden Fortress,1974,Advocate,Male,nm0154115,3
1970s,Bimal Chatterjee,Joi Baba Felunath: The Elephant God,1979,Ambika Nath Ghosal,Male,nm0154115,3
1980s,Bimal Chatterjee,Heerak Rajar Deshe,1980,unnamed,Male,nm0154115,3
1970s,Dhritiman Chatterjee,The Adversary,1970,Siddhartha Chaudhuri,Male,nm0154122,3
1980s,Dhritiman Chatterjee,An Enemy of the People,1989,Nishith Gupta,Male,nm0154122,3
1990s,Dhritiman Chatterjee,The Stranger,1991,Prithwish Sen Gupta,Male,nm0154122,3
1960s,Kartik Chatterjee,The Adventures of Goopy and Bagha,1969,Court singer at Shundi / visitor to Halla,Male,nm0154135,3
1970s,Kartik Chatterjee,The Middleman,1975,unnamed,Male,nm0154135,3
1980s,Kartik Chatterjee,Heerak Rajar Deshe,1980,unnamed,Male,nm0154135,3
1960s,Nripati Chatterjee,Teen Kanya,1961,Bishey,Male,nm0154142,3
1960s,Nripati Chatterjee,The Zoo,1967,Mushkil Mia,Male,nm0154142,3
1960s,Nripati Chatterjee,The Adventures of Goopy and Bagha,1969,unnamed,Male,nm0154142,3
1960s,Subhendu Chatterjee,The Zoo,1967,Bijoy,Male,nm0154166,3
1970s,Subhendu Chatterjee,Days and Nights in the Forest,1970,Sanjoy,Male,nm0154166,3
1980s,Subhendu Chatterjee,An Enemy of the People,1989,Biresh Guha,Male,nm0154166,3
1960s,Tapan Chatterjee,The Big City,1963,unnamed,Male,nm0154170,3
1960s,Tapan Chatterjee,The Adventures of Goopy and Bagha,1969,Goopy,Male,nm0154170,3
1980s,Tapan Chatterjee,Heerak Rajar Deshe,1980,Goopy Gayen,Male,nm0154170,3
1950s,Padmadevi,Paras-Pathar,1958,Guest at Cocktail Party,Female,nm0222471,3
1950s,Padmadevi,The Music Room,1958,"Mahamaya, Roy's wife",Female,nm0222471,3
1970s,Padmadevi,The Middleman,1975,Mrs. Biswas,Male,nm0222471,3
1960s,Gopal Dey,Nayak: The Hero,1966,Conductor,Male,nm0223342,3
1960s,Gopal Dey,The Adventures of Goopy and Bagha,1969,Executioner,Male,nm0223342,3
1980s,Gopal Dey,Heerak Rajar Deshe,1980,unnamed,Male,nm0223342,3
1960s,Noni Ganguly,Abhijaan,1962,unnamed,Male,nm0304363,3
1970s,Noni Ganguly,Distant Thunder,1973,'Scarface' Jadu,Male,nm0304363,3
1980s,Noni Ganguly,Heerak Rajar Deshe,1980,unnamed,Male,nm0304363,3
1980s,Promode Ganguly,Heerak Rajar Deshe,1980,unnamed,Male,nm0304365,3
1990s,Promode Ganguly,Branches of the Tree,1990,unnamed,Male,nm0304365,3
1990s,Promode Ganguly,The Stranger,1991,Tridib Mukherjee,Male,nm0304365,3
1950s,Charuprakash Ghosh,Aparajito,1956,Nanda,Male,nm0315882,3
1960s,Charuprakash Ghosh,Abhijaan,1962,Sukhanram,Male,nm0315882,3
1960s,Charuprakash Ghosh,The Holy Man,1965,Birinchi Baba,Male,nm0315882,3
1960s,Shyamal Ghoshal,The Big City,1963,unnamed,Male,nm0315929,3
1960s,Shyamal Ghoshal,Charulata,1964,Umapada,Male,nm0315929,3
1960s,Shyamal Ghoshal,The Zoo,1967,Dr. Bhujangadhar Das,Male,nm0315929,3
1960s,Tarun Mitra,The Adventures of Goopy and Bagha,1969,Court singer at Shundi,Male,nm0593973,3
1980s,Tarun Mitra,Heerak Rajar Deshe,1980,unnamed,Male,nm0593973,3
1990s,Tarun Mitra,Branches of the Tree,1990,unnamed,Male,nm0593973,3
1960s,Abani Mukherjee,Abhijaan,1962,Lawyer,Male,nm0611505,3
1960s,Abani Mukherjee,The Adventures of Goopy and Bagha,1969,unnamed,Male,nm0611505,3
1970s,Abani Mukherjee,Joi Baba Felunath: The Elephant God,1979,unnamed,Male,nm0611505,3
1960s,Madhabi Mukherjee,The Big City,1963,Arati Mazumder,Female,nm0611538,3
1960s,Madhabi Mukherjee,Charulata,1964,Charulata,Female,nm0611538,3
1960s,Madhabi Mukherjee,The Coward,1965,Karuna Gupta,Female,nm0611538,3
1970s,Monu Mukherjee,Distant Thunder,1973,unnamed,Male,nm0611540,3
1970s,Monu Mukherjee,Joi Baba Felunath: The Elephant God,1979,Machli Baba,Male,nm0611540,3
1980s,Monu Mukherjee,An Enemy of the People,1989,unnamed,Male,nm0611540,3
1960s,Prasad Mukherjee,The Holy Man,1965,Gurupada Mitter,Male,nm0611546,3
1960s,Prasad Mukherjee,The Zoo,1967,Nepal Gupta,Male,nm0611546,3
1960s,Prasad Mukherjee,The Adventures of Goopy and Bagha,1969,King of ghosts / village elder,Male,nm0611546,3
1960s,Khagen Pathak,Teen Kanya,1961,Khagen,Male,nm0665546,3
1960s,Khagen Pathak,The Adventures of Goopy and Bagha,1969,Village elder,Male,nm0665546,3
1970s,Khagen Pathak,The Middleman,1975,unnamed,Male,nm0665546,3
1950s,Pahadi Sanyal,Paras-Pathar,1958,Guest at Cocktail Party,Male,nm0764406,3
1960s,Pahadi Sanyal,Kanchenjungha,1962,Jagadish,Male,nm0764406,3
1970s,Pahadi Sanyal,Days and Nights in the Forest,1970,Sadashiv Tripathi,Male,nm0764406,3
1950s,Bireswar Sen,Paras-Pathar,1958,Police Officer,Male,nm0784001,3
1960s,Bireswar Sen,Abhijaan,1962,unnamed,Male,nm0784001,3
1960s,Bireswar Sen,Nayak: The Hero,1966,Mukunda Lahiri,Male,nm0784001,3
1980s,Mamata Shankar,An Enemy of the People,1989,Indrani Gupta,Female,nm0788164,3
1990s,Mamata Shankar,Branches of the Tree,1990,Tapati,Female,nm0788164,3
1990s,Mamata Shankar,The Stranger,1991,Anila Bose,Female,nm0788164,3
1970s,Uttamram Nagar,The Golden Fortress,1974,unnamed,Male,nm1840054,3
1970s,Uttamram Nagar,The Middleman,1975,unnamed,Male,nm1840054,3
1970s,Uttamram Nagar,The Chess Players,1977,unnamed,Male,nm1840054,3
1970s,Dibyendu Chatterjee,Days and Nights in the Forest,1970,unnamed,Male,nm4814634,3
1970s,Dibyendu Chatterjee,The Adversary,1970,unnamed,Male,nm4814634,3
1970s,Dibyendu Chatterjee,The Golden Fortress,1974,unnamed,Male,nm4814634,3
1950s,Haridhan Nag,Pather Panchali,1955,unnamed,Male,nm5570266,3
1960s,Haridhan Nag,Teen Kanya,1961,unnamed,Male,nm5570266,3
1960s,Haridhan Nag,Abhijaan,1962,unnamed,Male,nm5570266,3
1950s,Ranibala,Aparajito,1956,Teliginni,Female,nm0049302,2
1950s,Ranibala,Paras-Pathar,1958,Giribala Dutta,Female,nm0049302,2
1960s,Ratan Banerjee,The Adventures of Goopy and Bagha,1969,Court singer at Shundi,Male,nm0051844,2
1980s,Ratan Banerjee,Heerak Rajar Deshe,1980,unnamed,Male,nm0051844,2
1960s,Satya Banerjee (I),The Holy Man,1965,Nitai,Male,nm0051851,2
1960s,Satya Banerjee,Nayak: The Hero,1966,Swamiji,Male,nm0051851,2
1950s,Kanu Bannerjee,Pather Panchali,1955,Harihar Ray,Male,nm0052333,2
1950s,Kanu Bannerjee,Aparajito,1956,Harihar Ray,Male,nm0052333,2
1950s,Gangapada Basu,Paras-Pathar,1958,Kachalu,Male,nm0060610,2
1950s,Gangapada Basu,The Music Room,1958,Mahim Ganguly,Male,nm0060610,2
1950s,Belarani Devi,The World of Apu,1959,Apu's Neighbor,Female,nm0067570,2
1960s,Belarani Devi,Teen Kanya,1961,unnamed,Female,nm0067570,2
1950s,Bharati Devi,Paras-Pathar,1958,Guest at Cocktail Party,Female,nm0080249,2
1960s,Bharati Devi,Nayak: The Hero,1966,Manorama,Female,nm0080249,2
1960s,Dilip Bose,Charulata,1964,Shashanka,Male,nm0097870,2
1960s,Dilip Bose,The Holy Man,1965,unnamed,Male,nm0097870,2
1960s,Somen Bose,The Holy Man,1965,Nibaran,Male,nm0097900,2
1960s,Somen Bose,Nayak: The Hero,1966,Sankar,Male,nm0097900,2
1950s,Tulsi Chakraborty,Pather Panchali,1955,"Prasanna, school teacher",Male,nm0149831,2
1950s,Tulsi Chakraborty,Paras-Pathar,1958,Paresh Chandra Dutta,Male,nm0149831,2
1960s,Mihir Chakravarti,Teen Kanya,1961,Rakhal,Male,nm0149843,2
1970s,Mihir Chakravarti,The Adversary,1970,unnamed,Male,nm0149843,2
1970s,Lily Chakravarty,The Middleman,1975,Kamala,Female,nm0149846,2
1990s,Lily Chakravarty,Branches of the Tree,1990,Uma,Female,nm0149846,2
1950s,Abhijit Chatterjee,The World of Apu,1959,Aparna's Brother,Male,nm0154107,2
1980s,Abhijit Chatterjee,Heerak Rajar Deshe,1980,unnamed,Male,nm0154107,2
1970s,Biplab Chatterjee,The Adversary,1970,unnamed,Male,nm0154118,2
1970s,Biplab Chatterjee,Joi Baba Felunath: The Elephant God,1979,Bikash Singha,Male,nm0154118,2
1950s,Jogesh Chatterjee,The World of Apu,1959,unnamed,Male,nm0154132,2
1960s,Jogesh Chatterjee,Nayak: The Hero,1966,"Aghore, elderly journalist",Male,nm0154132,2
1960s,Shekhar Chatterjee,Abhijaan,1962,Rameshwar,Male,nm0154161,2
1960s,Shekhar Chatterjee,The Zoo,1967,unnamed,Male,nm0154161,2
1970s,Siddhartha Chatterjee,The Golden Fortress,1974,Tapesh,Male,nm0154162,2
1970s,Siddhartha Chatterjee,Joi Baba Felunath: The Elephant God,1979,Tapesh,Male,nm0154162,2
1960s,Subrata Chatterjee,The Zoo,1967,Najar Bibi,Female,nm0154167,2
1990s,Subrata Chatterjee,The Stranger,1991,Chhanda Rakshit,Female,nm0154167,2
1970s,Kalyan Chatterjee,The Adversary,1970,Shiben,Male,nm0159537,2
1970s,Kalyan Chatterjee,The Middleman,1975,Somnath's friend,Male,nm0159537,2
1950s,Reba Devi,Pather Panchali,1955,Seja Thakrun,Female,nm0222480,2
1960s,Reba Devi,Abhijaan,1962,Joseph's mother,Female,nm0222480,2
1950s,Sefalika Devi,The World of Apu,1959,Shashinarayan's wife,Female,nm0222490,2
1960s,Sefalika Devi,The Big City,1963,Sarojini,Female,nm0222490,2
1960s,Nilotpal Dey,Charulata,1964,Joydeb,Male,nm0223353,2
1960s,Nilotpal Dey,The Zoo,1967,Inspector,Male,nm0223353,2
1950s,Jahar Ganguli,Paras-Pathar,1958,Guest at Cocktail Party,Male,nm0304349,2
1960s,Jahar Ganguli,The Zoo,1967,Ramen Mullick,Male,nm0304349,2
1950s,Subodh Ganguli,Aparajito,1956,Headmaster,Male,nm0304354,2
1950s,Subodh Ganguli,Paras-Pathar,1958,Guest at Cocktail Party,Male,nm0304354,2
1960s,Bankim Ghosh,Charulata,1964,Jagannath,Male,nm0315878,2
1960s,Bankim Ghosh,The Zoo,1967,Brajadas,Male,nm0315878,2
1960s,Nirmal Ghosh,The Holy Man,1965,unnamed,Male,nm0315907,2
1960s,Nirmal Ghosh,Nayak: The Hero,1966,Jyoti,Male,nm0315907,2
1980s,Bhishma Guhathakurta,An Enemy of the People,1989,Ranen Haldar,Male,nm0346613,2
1990s,Bhishma Guhathakurta,Branches of the Tree,1990,unnamed,Male,nm0346613,2
1960s,Ruma Guha Thakurta,Abhijaan,1962,Neeli,Female,nm0346614,2
1980s,Ruma Guha Thakurta,An Enemy of the People,1989,Maya Gupta,Female,nm0346614,2
1950s,Pinaki Sengupta,Aparajito,1956,Apu,Male,nm0348483,2
1950s,Pinaki Sengupta,The Music Room,1958,"Khoka, Roy's Son",Male,nm0348483,2
1960s,Bholanath Koyal,The Goddess,1960,unnamed,Male,nm0468698,2
1960s,Bholanath Koyal,Charulata,1964,Braja,Male,nm0468698,2
1960s,Uttam Kumar,Nayak: The Hero,1966,Arindam Mukherjee,Male,nm0474907,2
1960s,Uttam Kumar,The Zoo,1967,Satyanweshi Byomkesh,Male,nm0474907,2
1950s,Tulsi Lahiri,Paras-Pathar,1958,Guest at Cocktail Party,Male,nm0481576,2
1950s,Tulsi Lahiri,The Music Room,1958,Manager of Roy's Estate,Male,nm0481576,2
1960s,Kanika Majumdar,Teen Kanya,1961,Manimalika,Female,nm0538293,2
1960s,Kanika Majumdar,The Zoo,1967,Damayanti,Female,nm0538293,2
1980s,Manoj Mitra,Ghare-Baire,1984,Headmaster,Male,nm0593953,2
1980s,Manoj Mitra,An Enemy of the People,1989,unnamed,Male,nm0593953,2
1970s,Ashok Mukherjee,The Golden Fortress,1974,Journalist,Male,nm0611513,2
1990s,Ashok Mukherjee,Branches of the Tree,1990,unnamed,Male,nm0611513,2
1970s,Pradip Mukherjee,The Middleman,1975,Somnath,Male,nm0611544,2
1990s,Pradip Mukherjee,Branches of the Tree,1990,Reporter,Male,nm0611544,2
1950s,Tarapada Nandy,The Music Room,1958,unnamed,Male,nm0620827,2
1960s,Tarapada Nandy,The Goddess,1960,unnamed,Male,nm0620827,2
1960s,Devi Neogy,Teen Kanya,1961,Haripada,Male,nm0626099,2
1960s,Devi Neogy,The Zoo,1967,unnamed,Male,nm0626099,2
1950s,Jahar Roy,Paras-Pathar,1958,Bhajahari,Male,nm0712854,2
1960s,Jahar Roy,The Adventures of Goopy and Bagha,1969,Prime Minister of Halla,Male,nm0712854,2
1960s,Arun Roy,Abhijaan,1962,Naskar,Male,nm0746935,2
1970s,Arun Roy,Distant Thunder,1973,unnamed,Male,nm0746935,2
1960s,Chinmoy Roy,The Zoo,1967,Panugopal,Male,nm0746961,2
1960s,Chinmoy Roy,The Adventures of Goopy and Bagha,1969,Spy of Halla,Male,nm0746961,2
1950s,Renuka Roy,Paras-Pathar,1958,Guest at Cocktail Party,Female,nm0747159,2
1960s,Renuka Roy,The Holy Man,1965,Nani's wife,Female,nm0747159,2
1950s,Kali Sarkar,The Music Room,1958,Roy's Servant,Male,nm0765269,2
1960s,Kali Sarkar,The Goddess,1960,Professor Sarkar,Male,nm0765269,2
1980s,Rajaram Yagnik,An Enemy of the People,1989,Mr. Bhargav,Male,nm0944929,2
1990s,Rajaram Yagnik,Branches of the Tree,1990,Dr. Sahay,Male,nm0944929,2
1970s,Bimal Deb,The Middleman,1975,Jagabandhu,Male,nm1045149,2
1980s,Bimal Deb,Heerak Rajar Deshe,1980,unnamed,Male,nm1045149,2
1960s,Durgadas Bannerjee,Abhijaan,1962,unnamed,Male,nm1274537,2
1960s,Durgadas Bannerjee,The Adventures of Goopy and Bagha,1969,King of Amloki,Male,nm1274537,2
1950s,Panchanan Bhattacharya,Aparajito,1956,unnamed,Male,nm1434574,2
1950s,Panchanan Bhattacharya,The World of Apu,1959,unnamed,Male,nm1434574,2
1970s,Khairatilal Lahori,Days and Nights in the Forest,1970,unnamed,Male,nm1839940,2
1970s,Khairatilal Lahori,The Chess Players,1977,unnamed,Male,nm1839940,2
1960s,Dilip Bose,Nayak: The Hero,1966,unnamed,Male,nm4435113,2
1960s,Dilip Bose,The Adventures of Goopy and Bagha,1969,unnamed,Male,nm4435113,2
1970s,Samaresh Banerjee,The Middleman,1975,unnamed,Male,nm4462919,2
1980s,Samaresh Banerjee,Heerak Rajar Deshe,1980,unnamed,Male,nm4462919,2
1970s,Kalyan Sen,The Adversary,1970,unnamed,Male,nm4474657,2
1970s,Kalyan Sen,The Middleman,1975,Mr. Bakshi,Male,nm4474657,2
1980s,Tinu Ghosh,Ghare-Baire,1984,unnamed,Male,nm4512599,2
1980s,Tinu Ghosh,An Enemy of the People,1989,unnamed,Male,nm4512599,2
1960s,Samar Nag,Abhijaan,1962,unnamed,Male,nm4554192,2
1970s,Samar Nag,Days and Nights in the Forest,1970,unnamed,Male,nm4554192,2
1960s,Binoy Dutta,The Zoo,1967,unnamed,Male,nm4557729,2
1960s,Binoy Dutta,The Adventures of Goopy and Bagha,1969,unnamed,Male,nm4557729,2
1970s,Sujit Ganguly,The Golden Fortress,1974,unnamed,Male,nm4814705,2
1970s,Sujit Ganguly,The Golden Fortress,1974,unnamed,Male,nm4814705,2
1960s,Prabhat Sarkar,Charulata,1964,unnamed,Male,nm4820275,2
1960s,Prabhat Sarkar,The Holy Man,1965,unnamed,Male,nm4820275,2
1960s,Ajit Gupta,Charulata,1964,unnamed,Male,nm4820297,2
1960s,Ajit Gupta,The Holy Man,1965,unnamed,Male,nm4820297,2
1970s,Subal Dutta,Distant Thunder,1973,unnamed,Male,nm4866235,2
1980s,Subal Dutta,Heerak Rajar Deshe,1980,unnamed,Male,nm4866235,2
1980s,Somenath Majumdar,Ghare-Baire,1984,unnamed,Male,nm5010491,2
1980s,Somenath Majumdar,An Enemy of the People,1989,unnamed,Male,nm5010491,2
1960s,Samir Lahiri,The Big City,1963,unnamed,Male,nm5566545,2
1970s,Samir Lahiri,The Middleman,1975,unnamed,Male,nm5566545,2
1980s,Arup Pal Chowdhury,Ghare-Baire,1984,unnamed,Male,nm5591378,2
1980s,Arup Pal Chowdhury,An Enemy of the People,1989,unnamed,Male,nm5591378,2